image_name,mask_type,wsmse_tag,swhdc_tag,lambda_rate,train_psnr,train_rate_bpp,train_rate_bits,eval_psnr,eval_y_rate_bpp,eval_y_rate_bits,eval_mlp_rate_bpp,eval_mlp_rate_bits,eval_arm_rate_bpp,eval_arm_rate_bits,eval_conv_rate_bpp,eval_conv_rate_bits,eval_border_rate_bpp,eval_border_rate_bits,eval_total_rate_bpp,eval_total_rate_bits,total_steps_1,total_steps_2
othim01,erp,1,0,0.00604,29.66872031461072,0.1432274580001831,75092.4375,29.660199926294506,0.1439090371131897,75449.78125,0.0211944580078125,11112.0,0.009386062622070312,4921.0,0.010824203491210938,5675.0,0.0,0,0.1651034951210022,86561.78125,100000,10000
othim04,erp,1,0,0.00604,26.872974342777876,0.31993192434310913,167736.46875,26.86126222406969,0.32023218274116516,167893.890625,0.02199554443359375,11532.0,0.010244369506835938,5371.0,0.010738372802734375,5630.0,0.0,0,0.3422277271747589,179425.890625,100000,10000
othim07,erp,1,0,0.00604,31.332785612652263,0.12250927090644836,64230.140625,31.274043596398585,0.12429738789796829,65167.62890625,0.019182205200195312,10057.0,0.008396148681640625,4402.0,0.009805679321289062,5141.0,0.0,0,0.1434795930981636,75224.62890625,100000,10000
othim10,erp,1,0,0.00604,29.83216457461808,0.10819243639707565,56723.99609375,29.819997109860406,0.10890130698680878,57095.6484375,0.021062850952148438,11043.0,0.009063720703125,4752.0,0.011028289794921875,5782.0,0.0,0,0.12996415793895721,68138.6484375,100000,10000
othim13,erp,1,0,0.00604,30.719593811409393,0.11136527359485626,58387.4765625,30.680209611215815,0.11270533502101898,59090.0546875,0.019174575805664062,10053.0,0.00848388671875,4448.0,0.009828567504882812,5153.0,0.0,0,0.13187991082668304,69143.0546875,100000,10000
othim01,erp,1,0,0.00406,30.834972522802477,0.20184051990509033,105822.5625,30.81082514099946,0.20195874571800232,105884.546875,0.022090911865234375,11582.0,0.010425567626953125,5466.0,0.010808944702148438,5667.0,0.0,0,0.2240496575832367,117466.546875,100000,10000
othim04,erp,1,0,0.00406,28.11074472072616,0.41318681836128235,216628.890625,28.099393655052726,0.4138147234916687,216958.09375,0.02077484130859375,10892.0,0.009328842163085938,4891.0,0.010602951049804688,5559.0,0.0,0,0.43458956480026245,227850.09375,100000,10000
othim07,erp,1,0,0.00406,32.431852144465104,0.15685057640075684,82234.875,32.415127344146775,0.15705110132694244,82340.0078125,0.022012710571289062,11541.0,0.010358810424804688,5431.0,0.01081085205078125,5668.0,0.0,0,0.1790638118982315,93881.0078125,100000,10000
othim10,erp,1,0,0.00406,30.710033917814027,0.14916875958442688,78207.390625,30.689237803581495,0.15014788508415222,78720.734375,0.02109527587890625,11060.0,0.009210586547851562,4829.0,0.01102447509765625,5780.0,0.0,0,0.17124316096305847,89780.734375,100000,10000
othim13,erp,1,0,0.00406,32.115290660193025,0.1611243486404419,84475.5625,32.0943202850355,0.16176366806030273,84810.75,0.020885467529296875,10950.0,0.00933837890625,4896.0,0.010837554931640625,5682.0,0.0,0,0.1826491355895996,95760.75,100000,10000
othim01,erp,1,0,0.00208,32.79824864640895,0.3131965398788452,164205.1875,32.79122856551637,0.31355512142181396,164393.1875,0.0228271484375,11968.0,0.010206222534179688,5351.0,0.011653900146484375,6110.0,0.0,0,0.33638226985931396,176361.1875,100000,10000
othim04,erp,1,0,0.00208,30.389400946867113,0.6442241668701172,337759.0,30.382750362929954,0.6449732780456543,338151.75,0.020849227905273438,10931.0,0.009199142456054688,4823.0,0.01055908203125,5536.0,0.0,0,0.6658225059509277,349082.75,100000,10000
othim07,erp,1,0,0.00208,34.241159435916806,0.2359747588634491,123718.734375,34.21508104101406,0.23727406561374664,124399.9453125,0.021055221557617188,11039.0,0.009153366088867188,4799.0,0.010923385620117188,5727.0,0.0,0,0.25832928717136383,135438.9453125,100000,10000
othim10,erp,1,0,0.00208,32.51739712663303,0.25613558292388916,134288.8125,32.49587710194018,0.25634896755218506,134400.6875,0.02205657958984375,11564.0,0.010234832763671875,5366.0,0.010862350463867188,5695.0,0.0,0,0.2784055471420288,145964.6875,100000,10000
othim13,erp,1,0,0.00208,34.01595396732264,0.24169248342514038,126716.46875,33.99589700510052,0.24201852083206177,126887.40625,0.021875381469726562,11469.0,0.010480880737304688,5495.0,0.010650634765625,5584.0,0.0,0,0.26389390230178833,138356.40625,100000,10000
othim01,erp,1,0,0.0001,41.06473968929722,1.2932806015014648,678051.5,41.063162520805164,1.295130968093872,679021.625,0.025064468383789062,13141.0,0.010099411010742188,5295.0,0.013769149780273438,7219.0,0.0,0,1.3201954364776611,692162.625,100000,10000
othim04,erp,1,0,0.0001,40.81943393171968,2.2302956581115723,1169317.25,40.80881625214288,2.2318453788757324,1170129.75,0.023651123046875,12400.0,0.009866714477539062,5173.0,0.012836456298828125,6730.0,0.0,0,2.2554965019226074,1182529.75,100000,10000
othim07,erp,1,0,0.0001,41.796684678752484,0.9141659736633301,479286.25,41.791640898953794,0.9156737327575684,480076.75,0.024572372436523438,12883.0,0.010118484497070312,5305.0,0.013391494750976562,7021.0,0.0,0,0.9402461051940918,492959.75,100000,10000
othim10,erp,1,0,0.0001,41.5217782548899,1.3483810424804688,706940.0,41.509379073685245,1.3500795364379883,707830.5,0.024408340454101562,12797.0,0.010467529296875,5488.0,0.012821197509765625,6722.0,0.0,0,1.3744878768920898,720627.5,100000,10000
othim13,erp,1,0,0.0001,42.319614203373966,0.968583345413208,507816.625,42.30257949777525,0.9713554978370667,509270.03125,0.022806167602539062,11957.0,0.010004043579101562,5245.0,0.011837005615234375,6206.0,0.0,0,0.9941616654396057,521227.03125,100000,10000
othim01,erp,1,0,0.01,28.453572228972494,0.09711770713329315,50917.6484375,28.418926180210132,0.0974070280790329,51069.3359375,0.020191192626953125,10586.0,0.009424209594726562,4941.0,0.009891510009765625,5186.0,0.0,0,0.11759822070598602,61655.3359375,100000,10000
othim04,erp,1,0,0.01,25.378646695667783,0.20863176882266998,109383.1328125,25.371292825288425,0.20967166125774384,109928.3359375,0.019960403442382812,10465.0,0.008321762084960938,4363.0,0.010715484619140625,5618.0,0.0,0,0.22963206470012665,120393.3359375,100000,10000
othim07,erp,1,0,0.01,29.983972529520674,0.08310775458812714,43572.3984375,29.958147252806885,0.08483974635601044,44480.4609375,0.020044326782226562,10509.0,0.0081787109375,4288.0,0.010955810546875,5744.0,0.0,0,0.104884073138237,54989.4609375,100000,10000
othim10,erp,1,0,0.01,28.921335556421692,0.07317599654197693,38365.296875,28.88920669018172,0.07527129352092743,39463.8359375,0.019176483154296875,10054.0,0.00829315185546875,4348.0,0.009881973266601562,5181.0,0.0,0,0.0944477766752243,49517.8359375,100000,10000
othim13,erp,1,0,0.01,29.70450066361759,0.08316859602928162,43604.296875,29.67310500188998,0.08357254415750504,43816.08203125,0.020208358764648438,10595.0,0.009307861328125,4880.0,0.010015487670898438,5251.0,0.0,0,0.10378090292215347,54411.08203125,100000,10000
othim01,erp,1,0,0.00802,28.923732008605985,0.11396336555480957,59749.625,28.910445460905834,0.11438393592834473,59970.125,0.021282196044921875,11158.0,0.0095672607421875,5016.0,0.0108489990234375,5688.0,0.0,0,0.1356661319732666,71128.125,100000,10000
othim04,erp,1,0,0.00802,26.084359470296423,0.2604900002479553,136571.78125,26.066441464275314,0.2625730335712433,137663.890625,0.020252227783203125,10618.0,0.008342742919921875,4374.0,0.010898590087890625,5714.0,0.0,0,0.2828252613544464,148281.890625,100000,10000
othim07,erp,1,0,0.00802,30.55068513145241,0.09650918841362,50598.609375,30.503200230351002,0.09731517732143402,51021.1796875,0.020597457885742188,10799.0,0.009342193603515625,4898.0,0.010494232177734375,5502.0,0.0,0,0.11791263520717621,61820.1796875,100000,10000
othim10,erp,1,0,0.00802,29.267323788829486,0.08528058975934982,44711.58984375,29.23147927448778,0.08564934134483337,44904.921875,0.019914627075195312,10441.0,0.009351730346679688,4903.0,0.009674072265625,5072.0,0.0,0,0.10556396842002869,55345.921875,100000,10000
othim13,erp,1,0,0.00802,30.217022217441173,0.09454990178346634,49571.37890625,30.201179071558713,0.09505091607570648,49834.0546875,0.021320343017578125,11178.0,0.009454727172851562,4957.0,0.010997772216796875,5766.0,0.0,0,0.1163712590932846,61012.0546875,100000,10000
othim01,full,0,1,0.01,27.888381748563905,0.0858612135052681,45016.00390625,27.85480252524634,0.08703996241092682,45634.0078125,0.021148681640625,11088.0,0.009286880493164062,4869.0,0.011003494262695312,5769.0,0.0,0,0.10818864405155182,56722.0078125,100000,10000
othim04,full,0,1,0.01,25.025979934032375,0.1969252973794937,103245.5703125,25.018721314580215,0.19747871160507202,103535.71875,0.022190093994140625,11634.0,0.009294509887695312,4873.0,0.011844635009765625,6210.0,0.0,0,0.21966880559921265,115169.71875,100000,10000
othim07,full,0,1,0.01,29.14271989872657,0.0687653198838234,36052.83203125,29.11496028192397,0.0690402239561081,36196.9609375,0.023181915283203125,12154.0,0.010267257690429688,5383.0,0.012012481689453125,6298.0,0.0,0,0.09222213923931122,48350.9609375,100000,10000
othim10,full,0,1,0.01,28.321654107860766,0.057142529636621475,29959.142578125,28.277639562661076,0.05813218280673027,30478.005859375,0.020635604858398438,10819.0,0.009124755859375,4784.0,0.0107421875,5632.0,0.0,0,0.07876778766512871,41297.005859375,100000,10000
othim13,full,0,1,0.01,29.082968121608186,0.07135030627250671,37408.109375,29.04443843456262,0.07200305908918381,37750.33984375,0.019933700561523438,10451.0,0.008172988891601562,4285.0,0.010965347290039062,5749.0,0.0,0,0.09193675965070724,48201.33984375,100000,10000
othim01,full,0,1,0.00802,28.341001226961907,0.10181814432144165,53382.03125,28.326714054436508,0.10319750756025314,54105.21484375,0.021436691284179688,11239.0,0.00839996337890625,4404.0,0.012176513671875,6384.0,0.0,0,0.12463419884443283,65344.21484375,100000,10000
othim04,full,0,1,0.00802,25.52321650550702,0.2329762578010559,122146.65625,25.499532576815664,0.23346123099327087,122400.921875,0.021160125732421875,11094.0,0.00933074951171875,4892.0,0.010801315307617188,5663.0,0.0,0,0.25462135672569275,133494.921875,100000,10000
othim07,full,0,1,0.00802,29.66319768291952,0.0804673433303833,42188.0625,29.614177771495577,0.08124972879886627,42598.2578125,0.020715713500976562,10861.0,0.009141921997070312,4793.0,0.010667800903320312,5593.0,0.0,0,0.10196544229984283,53459.2578125,100000,10000
othim10,full,0,1,0.00802,28.65538313930499,0.06969805061817169,36541.8515625,28.601637594643098,0.07107801735401154,37265.3515625,0.01983642578125,10400.0,0.008197784423828125,4298.0,0.01074981689453125,5636.0,0.0,0,0.09091444313526154,47665.3515625,100000,10000
othim13,full,0,1,0.00802,29.471403146216687,0.08296427130699158,43497.171875,29.427572440598812,0.08389925211668015,43987.37109375,0.019580841064453125,10266.0,0.008123397827148438,4259.0,0.010702133178710938,5611.0,0.0,0,0.10348009318113327,54253.37109375,100000,10000
othim01,full,0,1,0.00604,28.893340996390183,0.12515029311180115,65614.796875,28.875497453486542,0.12527981400489807,65682.703125,0.023273468017578125,12202.0,0.010189056396484375,5342.0,0.012218475341796875,6406.0,0.0,0,0.1485532820224762,77884.703125,100000,10000
othim04,full,0,1,0.00604,26.370990914562285,0.3041723370552063,159473.90625,26.356648517404548,0.30453357100486755,159663.296875,0.022396087646484375,11742.0,0.009496688842773438,4979.0,0.012140274047851562,6365.0,0.0,0,0.32692965865135193,171405.296875,100000,10000
othim07,full,0,1,0.00604,30.29528282133002,0.09590303897857666,50280.8125,30.28316023660982,0.09635528922080994,50517.921875,0.022954940795898438,12035.0,0.010250091552734375,5374.0,0.011827468872070312,6201.0,0.0,0,0.11931023001670837,62552.921875,100000,10000
othim10,full,0,1,0.00604,29.24634635842,0.08886487782001495,46590.7890625,29.22947294535146,0.09033835679292679,47363.31640625,0.02126312255859375,11148.0,0.008226394653320312,4313.0,0.012027740478515625,6306.0,0.0,0,0.11160147935152054,58511.31640625,100000,10000
othim13,full,0,1,0.00604,30.106659305868018,0.09766922146081924,51206.80078125,30.069770495458044,0.09823834151029587,51505.18359375,0.0211944580078125,11112.0,0.009420394897460938,4939.0,0.01080322265625,5664.0,0.0,0,0.11943279951810837,62617.18359375,100000,10000
othim01,full,0,1,0.00406,29.709607331296777,0.16310250759124756,85512.6875,29.700428769876208,0.16332171857357025,85627.6171875,0.023515701293945312,12329.0,0.010433197021484375,5470.0,0.012094497680664062,6341.0,0.0,0,0.18683741986751556,97956.6171875,100000,10000
othim04,full,0,1,0.00406,27.525562289228386,0.3872629404067993,203037.3125,27.52182587088396,0.3878996670246124,203371.140625,0.024341583251953125,12762.0,0.010526657104492188,5519.0,0.0129547119140625,6792.0,0.0,0,0.41224125027656555,216133.140625,100000,10000
othim07,full,0,1,0.00406,31.5363712750022,0.13032245635986328,68326.5,31.508792046037485,0.1308307945728302,68593.015625,0.021310806274414062,11173.0,0.00927734375,4864.0,0.011188507080078125,5866.0,0.0,0,0.15214160084724426,79766.015625,100000,10000
othim10,full,0,1,0.00406,29.98688369467955,0.11949335038661957,62648.9296875,29.957588001583346,0.12031590193510056,63080.18359375,0.02109527587890625,11060.0,0.009241104125976562,4845.0,0.010969161987304688,5751.0,0.0,0,0.1414111778140068,74140.18359375,100000,10000
othim13,full,0,1,0.00406,30.885116892943078,0.12393765151500702,64979.0234375,30.86423004218281,0.12498662620782852,65528.98828125,0.022106170654296875,11590.0,0.009273529052734375,4862.0,0.01210784912109375,6348.0,0.0,0,0.1470927968621254,77118.98828125,100000,10000
othim01,full,0,1,0.00208,32.07642679413157,0.2825196385383606,148121.65625,32.04889037836762,0.2831096649169922,148431.0,0.022150039672851562,11613.0,0.00946807861328125,4964.0,0.01169586181640625,6132.0,0.0,0,0.30525970458984375,160044.0,100000,10000
othim04,full,0,1,0.00208,29.76187254179614,0.6124911308288574,321121.75,29.755556430825692,0.6130419969558716,321410.5625,0.022825241088867188,11967.0,0.0102386474609375,5368.0,0.011728286743164062,6149.0,0.0,0,0.6358672380447388,333377.5625,100000,10000
othim07,full,0,1,0.00208,33.42478887034934,0.1981702446937561,103898.28125,33.3947374816932,0.19944512844085693,104566.6875,0.0218658447265625,11464.0,0.009473800659179688,4967.0,0.011648178100585938,6107.0,0.0,0,0.22131097316741943,116030.6875,100000,10000
othim10,full,0,1,0.00208,31.620704602500044,0.21169830858707428,110990.8828125,31.612568953414,0.21403872966766357,112217.9375,0.022367477416992188,11727.0,0.00823211669921875,4316.0,0.01316070556640625,6900.0,0.0,0,0.23640620708465576,123944.9375,100000,10000
othim13,full,0,1,0.00208,33.1655707799843,0.21402215957641602,112209.25,33.13682329156078,0.21519169211387634,112822.421875,0.021955490112304688,11511.0,0.009248733520507812,4849.0,0.011837005615234375,6206.0,0.0,0,0.23714718222618103,124333.421875,100000,10000
othim01,full,0,1,0.0001,40.36631264752906,1.25797438621521,659540.875,40.3639588979224,1.259129524230957,660146.5,0.026792526245117188,14047.0,0.010152816772460938,5323.0,0.015516281127929688,8135.0,0.0,0,1.2859220504760742,674193.5,100000,10000
othim04,full,0,1,0.0001,40.38714073601303,2.2129476070404053,1160221.875,40.3790159884959,2.215576410293579,1161600.125,0.02487945556640625,13044.0,0.00984954833984375,5164.0,0.013830184936523438,7251.0,0.0,0,2.2404558658599854,1174644.125,100000,10000
othim07,full,0,1,0.0001,41.3151166877934,0.8734111189842224,457918.96875,41.307180457010084,0.8747554421424866,458623.78125,0.025045394897460938,13131.0,0.009975433349609375,5230.0,0.014013290405273438,7347.0,0.0,0,0.8998008370399475,471754.78125,100000,10000
othim10,full,0,1,0.0001,41.24020212108169,1.2566834688186646,658864.0625,41.2339922317995,1.2578924894332886,659497.9375,0.025869369506835938,13563.0,0.010335922241210938,5419.0,0.0144500732421875,7576.0,0.0,0,1.2837618589401245,673060.9375,100000,10000
othim13,full,0,1,0.0001,41.842595333079316,0.9099386930465698,477069.9375,41.829238268476054,0.9106472730636597,477441.4375,0.024129867553710938,12651.0,0.010065078735351562,5277.0,0.012987136840820312,6809.0,0.0,0,0.9347771406173706,490092.4375,100000,10000
othim01,full,1,1,0.01,28.413878893057255,0.09912232309579849,51968.64453125,28.38551999716682,0.0997467041015625,52296.0,0.021289825439453125,11162.0,0.009332656860351562,4893.0,0.011077880859375,5808.0,0.0,0,0.12103652954101562,63458.0,100000,10000
othim04,full,1,1,0.01,25.420232256956467,0.2099250853061676,110061.203125,25.416435670245434,0.2109326273202896,110589.4453125,0.022489547729492188,11791.0,0.009241104125976562,4845.0,0.012212753295898438,6403.0,0.0,0,0.2334221750497818,122380.4453125,100000,10000
othim07,full,1,1,0.01,29.95036698540291,0.08324121683835983,43642.37109375,29.9087178359468,0.0835718885064125,43815.73828125,0.021183013916015625,11106.0,0.009403228759765625,4930.0,0.01090240478515625,5716.0,0.0,0,0.10475490242242813,54921.73828125,100000,10000
othim10,full,1,1,0.01,28.864153442899095,0.07031675428152084,36866.23046875,28.846980088282816,0.07087895274162292,37160.984375,0.022251129150390625,11666.0,0.00925445556640625,4852.0,0.01212310791015625,6356.0,0.0,0,0.09313008189201355,48826.984375,100000,10000
othim13,full,1,1,0.01,29.743546961318003,0.08351408690214157,43785.43359375,29.722496142165017,0.08377741277217865,43923.4921875,0.021312713623046875,11174.0,0.009469985961914062,4965.0,0.010982513427734375,5758.0,0.0,0,0.10509012639522552,55097.4921875,100000,10000
othim01,full,1,1,0.00802,28.83646235366503,0.1162218526005745,60933.72265625,28.824802271643005,0.11753400415182114,61621.66796875,0.021322250366210938,11179.0,0.008424758911132812,4417.0,0.012132644653320312,6361.0,0.0,0,0.13885625451803207,72800.66796875,100000,10000
othim04,full,1,1,0.00802,26.121570709552334,0.26264888048171997,137703.65625,26.111766049055536,0.2639455497264862,138383.484375,0.022119522094726562,11597.0,0.009271621704101562,4861.0,0.01198577880859375,6284.0,0.0,0,0.28606507182121277,149980.484375,100000,10000
othim07,full,1,1,0.00802,30.513103893463136,0.09549210220575333,50065.36328125,30.475563174674306,0.09667569398880005,50685.90625,0.020948410034179688,10983.0,0.0081329345703125,4264.0,0.01195526123046875,6268.0,0.0,0,0.11762410402297974,61668.90625,100000,10000
othim10,full,1,1,0.00802,29.291867883224068,0.08624754101037979,45218.55078125,29.283473654210994,0.08750862628221512,45879.72265625,0.02140045166015625,11220.0,0.008176803588867188,4287.0,0.012239456176757812,6417.0,0.0,0,0.10890907794237137,57099.72265625,100000,10000
othim13,full,1,1,0.00802,30.296216056534274,0.09858214855194092,51685.4375,30.25101447032867,0.0988348126411438,51817.90625,0.020830154418945312,10921.0,0.009243011474609375,4846.0,0.010698318481445312,5609.0,0.0,0,0.11966496706008911,62738.90625,100000,10000
othim01,full,1,1,0.00604,29.607106333426632,0.1454114019870758,76237.453125,29.57980128123333,0.14703398942947388,77088.15625,0.0200042724609375,10488.0,0.008291244506835938,4347.0,0.010740280151367188,5631.0,0.0,0,0.16703826189041138,87576.15625,100000,10000
othim04,full,1,1,0.00604,26.936322774372183,0.32552361488342285,170668.125,26.922494078941053,0.3257516324520111,170787.671875,0.023424148559570312,12281.0,0.010461807250976562,5485.0,0.011945724487304688,6263.0,0.0,0,0.3491757810115814,183068.671875,100000,10000
othim07,full,1,1,0.00604,31.298474278439965,0.12186853587627411,63894.2109375,31.26765508762433,0.12305209040641785,64514.734375,0.0225830078125,11840.0,0.00925445556640625,4852.0,0.012479782104492188,6543.0,0.0,0,0.14563509821891785,76354.734375,100000,10000
othim10,full,1,1,0.00604,29.82636445242794,0.10802989453077316,56638.77734375,29.812880281153625,0.10890007019042969,57095.0,0.02230072021484375,11692.0,0.00930023193359375,4876.0,0.012250900268554688,6423.0,0.0,0,0.13120079040527344,68787.0,100000,10000
othim13,full,1,1,0.00604,30.94104419924638,0.11811602860689163,61926.81640625,30.920622077174784,0.11888901144266129,62332.08203125,0.022312164306640625,11698.0,0.00945281982421875,4956.0,0.012002944946289062,6293.0,0.0,0,0.1412011757493019,74030.08203125,100000,10000
othim01,full,1,1,0.00406,30.80896995085943,0.20462535321712494,107282.6171875,30.77779259353753,0.20539206266403198,107684.59375,0.021831512451171875,11446.0,0.009136199951171875,4790.0,0.011835098266601562,6205.0,0.0,0,0.22722357511520386,119130.59375,100000,10000
othim04,full,1,1,0.00406,28.078843293594133,0.4185936152935028,219463.609375,28.06932306901929,0.4189309775829315,219640.484375,0.023242950439453125,12186.0,0.010425567626953125,5466.0,0.011930465698242188,6255.0,0.0,0,0.44217392802238464,231826.484375,100000,10000
othim07,full,1,1,0.00406,32.438073462194346,0.15622052550315857,81904.546875,32.399556077165904,0.1576032042503357,82629.46875,0.022251129150390625,11666.0,0.009439468383789062,4949.0,0.011957168579101562,6269.0,0.0,0,0.17985433340072632,94295.46875,100000,10000
othim10,full,1,1,0.00406,30.690071324247764,0.14877060055732727,77998.640625,30.670477766267286,0.14922383427619934,78236.265625,0.023168563842773438,12147.0,0.01036834716796875,5436.0,0.012067794799804688,6327.0,0.0,0,0.17239239811897278,90383.265625,100000,10000
othim13,full,1,1,0.00406,32.11250244305398,0.16120462119579315,84517.6484375,32.103065332857085,0.1628033071756363,85355.8203125,0.022306442260742188,11695.0,0.008274078369140625,4338.0,0.013189315795898438,6915.0,0.0,0,0.18510974943637848,97050.8203125,100000,10000
othim01,full,1,1,0.00208,32.81954485956111,0.30964261293411255,162341.90625,32.79596584400533,0.31031256914138794,162693.15625,0.0233154296875,12224.0,0.010498046875,5504.0,0.011846542358398438,6211.0,0.0,0,0.33362799882888794,174917.15625,100000,10000
othim04,full,1,1,0.00208,30.39278434573775,0.6514434814453125,341544.0,30.388225344443295,0.6516917943954468,341674.1875,0.024164199829101562,12669.0,0.010158538818359375,5326.0,0.01291656494140625,6772.0,0.0,0,0.6758559942245483,354343.1875,100000,10000
othim07,full,1,1,0.00208,34.245783439850726,0.2275112271308899,119281.40625,34.21793527329043,0.22781002521514893,119438.0625,0.02297210693359375,12044.0,0.010347366333007812,5425.0,0.011774063110351562,6173.0,0.0,0,0.2507821321487427,131482.0625,100000,10000
othim10,full,1,1,0.00208,32.525931392580866,0.2559221088886261,134176.890625,32.5170411568859,0.2580385208129883,135286.5,0.020772933959960938,10891.0,0.008131027221679688,4263.0,0.01180267333984375,6188.0,0.0,0,0.2788114547729492,146177.5,100000,10000
othim13,full,1,1,0.00208,33.975701396268505,0.24897581338882446,130535.03125,33.95604211259557,0.2498786449432373,131008.375,0.023061752319335938,12091.0,0.01062774658203125,5572.0,0.0117034912109375,6136.0,0.0,0,0.27294039726257324,143099.375,100000,10000
othim01,full,1,1,0.0001,41.06230652073251,1.298905849456787,681000.75,41.05796198162101,1.2999801635742188,681564.0,0.026576995849609375,13934.0,0.010066986083984375,5278.0,0.015554428100585938,8155.0,0.0,0,1.3265571594238281,695498.0,100000,10000
othim04,full,1,1,0.0001,40.87941747253223,2.250002145767212,1179649.125,40.86969660511655,2.2511444091796875,1180248.0,0.025232315063476562,13229.0,0.009790420532226562,5133.0,0.014249801635742188,7471.0,0.0,0,2.276376724243164,1193477.0,100000,10000
othim07,full,1,1,0.0001,41.685168072173376,0.9194243550300598,482043.15625,41.68033129965905,0.9205678701400757,482642.6875,0.026371002197265625,13826.0,0.0103302001953125,5416.0,0.014957427978515625,7842.0,0.0,0,0.9469388723373413,496468.6875,100000,10000
othim10,full,1,1,0.0001,41.72011089627052,1.3057327270507812,684580.0,41.71041234203193,1.3077497482299805,685637.5,0.025905609130859375,13582.0,0.010395050048828125,5450.0,0.014299392700195312,7497.0,0.0,0,1.3336553573608398,699219.5,100000,10000
othim13,full,1,1,0.0001,42.36224558448885,0.9590288400650024,502807.3125,42.3494918600074,0.9613256454467773,504011.5,0.025064468383789062,13141.0,0.010107040405273438,5299.0,0.014007568359375,7344.0,0.0,0,0.9863901138305664,517152.5,100000,10000
othim01,erp,0,1,0.01,27.89752584398941,0.08766622841358185,45962.3515625,27.876560717840402,0.08785977959632874,46063.828125,0.023157119750976562,12141.0,0.009477615356445312,4969.0,0.012664794921875,6640.0,0.0,0,0.1110168993473053,58204.828125,100000,10000
othim04,erp,0,1,0.01,25.00206752073392,0.19628140330314636,102907.984375,24.99572156007426,0.19677430391311646,103166.40625,0.022851943969726562,11981.0,0.009273529052734375,4862.0,0.012674331665039062,6645.0,0.0,0,0.21962624788284302,115147.40625,100000,10000
othim07,erp,0,1,0.01,29.30796351131689,0.06895334273576736,36151.41015625,29.275887049417477,0.0700450986623764,36723.8046875,0.0206451416015625,10824.0,0.008474349975585938,4443.0,0.011394500732421875,5974.0,0.0,0,0.0906902402639389,47547.8046875,100000,10000
othim10,erp,0,1,0.01,28.38340226269379,0.058549050241708755,30696.564453125,28.321332236186723,0.05894014239311218,30901.609375,0.021459579467773438,11251.0,0.009378433227539062,4917.0,0.011175155639648438,5859.0,0.0,0,0.08039972186088562,42152.609375,100000,10000
othim13,erp,0,1,0.01,29.12122797488678,0.07144105434417725,37455.6875,29.100133624078364,0.07224791496992111,37878.71484375,0.020341873168945312,10665.0,0.008205413818359375,4302.0,0.0112457275390625,5896.0,0.0,0,0.09258978813886642,48543.71484375,100000,10000
othim01,erp,0,1,0.00802,28.326831333142568,0.1027570366859436,53874.28125,28.31808768409745,0.10312074422836304,54064.96875,0.02310943603515625,12116.0,0.00946807861328125,4964.0,0.012628555297851562,6621.0,0.0,0,0.1262301802635193,66180.96875,100000,10000
othim04,erp,0,1,0.00802,25.50609814180713,0.23411999642848969,122746.3046875,25.495502691093872,0.23439396917819977,122889.9453125,0.023782730102539062,12469.0,0.0104217529296875,5464.0,0.012470245361328125,6538.0,0.0,0,0.25817669928073883,135358.9453125,100000,10000
othim07,erp,0,1,0.00802,29.675200804826677,0.07932599633932114,41589.66796875,29.615165343137907,0.07999060302972794,41938.11328125,0.021099090576171875,11062.0,0.0093536376953125,4904.0,0.010976791381835938,5755.0,0.0,0,0.10108969360589981,53000.11328125,100000,10000
othim10,erp,0,1,0.00802,28.669394528477625,0.06837547570466995,35848.44140625,28.65358736893303,0.06875906139612198,36049.55078125,0.022937774658203125,12026.0,0.009288787841796875,4870.0,0.012767791748046875,6694.0,0.0,0,0.0916968360543251,48075.55078125,100000,10000
othim13,erp,0,1,0.00802,29.598551129194107,0.08193512260913849,42957.6015625,29.571484967616822,0.08267327398061752,43344.60546875,0.020532608032226562,10765.0,0.008153915405273438,4275.0,0.011487960815429688,6023.0,0.0,0,0.10320588201284409,54109.60546875,100000,10000
othim01,erp,0,1,0.00604,28.907762677693267,0.12383083999156952,64923.0234375,28.89036275414878,0.1243939995765686,65218.28125,0.022823333740234375,11966.0,0.009370803833007812,4913.0,0.0125732421875,6592.0,0.0,0,0.14721733331680298,77184.28125,100000,10000
othim04,erp,0,1,0.00604,26.334144670121194,0.3025103807449341,158602.5625,26.32039988708648,0.3030098080635071,158864.40625,0.022649765014648438,11875.0,0.009342193603515625,4898.0,0.012449264526367188,6527.0,0.0,0,0.3256595730781555,170739.40625,100000,10000
othim07,erp,0,1,0.00604,30.365087381458423,0.09427180886268616,49425.578125,30.31154721836765,0.09517037868499756,49896.6875,0.021417617797851562,11229.0,0.009431838989257812,4945.0,0.011106491088867188,5823.0,0.0,0,0.11658799648284912,61125.6875,100000,10000
othim10,erp,0,1,0.00604,29.294592671266845,0.08868193626403809,46494.875,29.28455726456401,0.08942588418722153,46884.91796875,0.021421432495117188,11231.0,0.00801849365234375,4204.0,0.0124053955078125,6504.0,0.0,0,0.11084731668233871,58115.91796875,100000,10000
othim13,erp,0,1,0.00604,30.0524125045964,0.09868089854717255,51737.2109375,30.038638097578666,0.09907372295856476,51943.1640625,0.022851943969726562,11981.0,0.009428024291992188,4943.0,0.012544631958007812,6577.0,0.0,0,0.12192566692829132,63924.1640625,100000,10000
othim01,erp,0,1,0.00406,29.854356512288916,0.1643025130033493,86141.8359375,29.84409898936072,0.1661565899848938,87113.90625,0.02179718017578125,11428.0,0.008319854736328125,4362.0,0.012624740600585938,6619.0,0.0,0,0.18795377016067505,98541.90625,100000,10000
othim04,erp,0,1,0.00406,27.482584988960394,0.3950650691986084,207127.875,27.47368572261085,0.3954775929450989,207344.15625,0.02382659912109375,12492.0,0.010549545288085938,5531.0,0.012273788452148438,6435.0,0.0,0,0.4193041920661926,219836.15625,100000,10000
othim07,erp,0,1,0.00406,31.43065483750513,0.1340799182653427,70296.4921875,31.41155371104472,0.13503733277320862,70798.453125,0.02252960205078125,11812.0,0.0093231201171875,4888.0,0.012317657470703125,6458.0,0.0,0,0.15756693482398987,82610.453125,100000,10000
othim10,erp,0,1,0.00406,30.029771339335884,0.12232553958892822,64133.8125,29.99732544614422,0.12444692850112915,65246.03125,0.020044326782226562,10509.0,0.007982254028320312,4185.0,0.01119232177734375,5868.0,0.0,0,0.1444912552833557,75755.03125,100000,10000
othim13,erp,0,1,0.00406,31.00841050209459,0.12270620465278625,64333.390625,30.997748805922043,0.12333214282989502,64661.5625,0.023067474365234375,12094.0,0.009374618530273438,4915.0,0.012706756591796875,6662.0,0.0,0,0.1463996171951294,76755.5625,100000,10000
othim01,erp,0,1,0.00208,31.98139691686481,0.2798844575881958,146740.0625,31.96368649874222,0.2800750732421875,146840.0,0.023824691772460938,12491.0,0.010667800903320312,5593.0,0.012289047241210938,6443.0,0.0,0,0.30389976501464844,159331.0,100000,10000
othim04,erp,0,1,0.00208,29.716975228116482,0.6103096604347229,319978.03125,29.7015369355975,0.6112220287322998,320456.375,0.022630691528320312,11865.0,0.009336471557617188,4895.0,0.012325286865234375,6462.0,0.0,0,0.6338527202606201,332321.375,100000,10000
othim07,erp,0,1,0.00208,33.41325075654485,0.1959339678287506,102725.828125,33.40363249876979,0.196982279419899,103275.4453125,0.02350616455078125,12324.0,0.00928497314453125,4868.0,0.013254165649414062,6949.0,0.0,0,0.22048844397068024,115599.4453125,100000,10000
othim10,erp,0,1,0.00208,31.60653270915192,0.2088252753019333,109484.5859375,31.586663802473527,0.20936106145381927,109765.4921875,0.022703170776367188,11903.0,0.009235382080078125,4842.0,0.012510299682617188,6559.0,0.0,0,0.23206423223018646,121668.4921875,100000,10000
othim13,erp,0,1,0.00208,33.12188467646666,0.21024136245250702,110227.0234375,33.110012392280304,0.2118878811597824,111090.2734375,0.022649765014648438,11875.0,0.0083160400390625,4360.0,0.013483047485351562,7069.0,0.0,0,0.23453764617443085,122965.2734375,100000,10000
othim01,erp,0,1,0.0001,40.49478004086379,1.220017433166504,639640.5,40.49258323674517,1.2214998006820679,640417.6875,0.027128219604492188,14223.0,0.010118484497070312,5305.0,0.015794754028320312,8281.0,0.0,0,1.24862802028656,654640.6875,100000,10000
othim04,erp,0,1,0.0001,40.35818273307041,2.2074544429779053,1157341.875,40.354390917418414,2.2081055641174316,1157683.25,0.025197982788085938,13211.0,0.009845733642578125,5162.0,0.014406204223632812,7553.0,0.0,0,2.2333035469055176,1170894.25,100000,10000
othim07,erp,0,1,0.0001,41.3373714229486,0.8673644065856934,454748.75,41.32998134425808,0.8691997528076172,455711.0,0.024759292602539062,12981.0,0.009206771850585938,4827.0,0.014600753784179688,7655.0,0.0,0,0.8939590454101562,468692.0,100000,10000
othim10,erp,0,1,0.0001,38.38620349164473,2.5667521953582764,1345717.375,38.3825696479537,2.568629264831543,1346701.5,0.027276992797851562,14301.0,0.009588241577148438,5027.0,0.016355514526367188,8575.0,0.0,0,2.5959062576293945,1361002.5,100000,10000
othim13,erp,0,1,0.0001,41.81561007947724,0.9283673763275146,486731.875,41.806220331643,0.9288864135742188,487004.0,0.0261077880859375,13688.0,0.010210037231445312,5353.0,0.01483154296875,7776.0,0.0,0,0.9549942016601562,500692.0,100000,10000
othim01,erp,1,1,0.00406,30.818325707650985,0.2011597752571106,105465.65625,30.79838346516175,0.20311257243156433,106489.484375,0.021472930908203125,11258.0,0.008253097534179688,4327.0,0.012350082397460938,6475.0,0.0,0,0.22458550333976746,117747.484375,100000,10000
othim04,erp,1,1,0.00406,28.096891940075846,0.41562619805336,217907.828125,28.092191035476432,0.4161769151687622,218196.5625,0.023418426513671875,12278.0,0.009149551391601562,4797.0,0.013401031494140625,7026.0,0.0,0,0.4395953416824341,230474.5625,100000,10000
othim07,erp,1,1,0.00406,32.4626605350956,0.15398752689361572,80733.8125,32.421381107063546,0.15416955947875977,80829.25,0.023601531982421875,12374.0,0.010387420654296875,5446.0,0.012363433837890625,6482.0,0.0,0,0.17777109146118164,93203.25,100000,10000
othim10,erp,1,1,0.00406,30.652757159837034,0.14699888229370117,77069.75,30.614697436208832,0.14719407260417938,77172.0859375,0.02262115478515625,11860.0,0.010190963745117188,5343.0,0.01143646240234375,5996.0,0.0,0,0.16981522738933563,89032.0859375,100000,10000
othim13,erp,1,1,0.00406,32.06759642705319,0.1662224680185318,87148.4453125,32.041559919734155,0.16847975552082062,88331.9140625,0.021686553955078125,11370.0,0.008214950561523438,4307.0,0.012622833251953125,6618.0,0.0,0,0.19016630947589874,99701.9140625,100000,10000
othim01,erp,1,1,0.00208,32.82212921851248,0.3114089369773865,163267.96875,32.7969827250121,0.3124508261680603,163814.21875,0.022871017456054688,11991.0,0.009477615356445312,4969.0,0.012426376342773438,6515.0,0.0,0,0.335321843624115,175805.21875,100000,10000
othim04,erp,1,1,0.00208,30.36322155472234,0.6536979675292969,342726.0,30.35857110064464,0.6545336842536926,343164.15625,0.023611068725585938,12379.0,0.009111404418945312,4777.0,0.013671875,7168.0,0.0,0,0.6781447529792786,355543.15625,100000,10000
othim07,erp,1,1,0.00208,34.300596173634574,0.23233839869499207,121812.234375,34.26747274439061,0.23251289129257202,121903.71875,0.023670196533203125,12410.0,0.010435104370117188,5471.0,0.012386322021484375,6494.0,0.0,0,0.25618308782577515,134313.71875,100000,10000
othim10,erp,1,1,0.00208,32.48377147478781,0.25766682624816895,135091.625,32.46351896891651,0.2590516209602356,135817.65625,0.022304534912109375,11694.0,0.00930023193359375,4876.0,0.012180328369140625,6386.0,0.0,0,0.28135615587234497,147511.65625,100000,10000
othim13,erp,1,1,0.00208,33.95684080694189,0.23863554000854492,125113.75,33.92153524282558,0.23926368355751038,125443.078125,0.02269744873046875,11900.0,0.009397506713867188,4927.0,0.012439727783203125,6522.0,0.0,0,0.2619611322879791,137343.078125,100000,10000
othim01,erp,1,1,0.0001,41.08068916366242,1.2694977521896362,665582.4375,41.07780014968273,1.2703533172607422,666031.0,0.026836395263671875,14070.0,0.010034561157226562,5261.0,0.015703201293945312,8233.0,0.0,0,1.297189712524414,680101.0,100000,10000
othim04,erp,1,1,0.0001,40.850216834570546,2.2432198524475098,1176093.25,40.848236476857,2.244382381439209,1176702.75,0.0272979736328125,14312.0,0.010303497314453125,5402.0,0.015804290771484375,8286.0,0.0,0,2.2716803550720215,1191014.75,100000,10000
othim07,erp,1,1,0.0001,41.79416966521222,0.9197894930839539,482234.59375,41.78037484571316,0.9207885265350342,482758.375,0.02593994140625,13600.0,0.0102996826171875,5400.0,0.014556884765625,7632.0,0.0,0,0.9467284679412842,496358.375,100000,10000
othim10,erp,1,1,0.0001,41.78646598068217,1.275201439857483,668572.8125,41.77806038340443,1.276147484779358,669068.8125,0.025548934936523438,13395.0,0.009973526000976562,5229.0,0.014623641967773438,7667.0,0.0,0,1.3016964197158813,682463.8125,100000,10000
othim13,erp,1,1,0.0001,42.46049889459821,0.9743214845657349,510825.0625,42.455412270402185,0.9754136800765991,511397.6875,0.026002883911132812,13633.0,0.010038375854492188,5263.0,0.015018463134765625,7874.0,0.0,0,1.001416563987732,525030.6875,100000,10000
othim01,full,0,0,0.01,27.884938840916618,0.08589817583560944,45035.3828125,27.855029000187415,0.08716884255409241,45701.578125,0.019985198974609375,10478.0,0.009386062622070312,4921.0,0.009593963623046875,5030.0,0.0,0,0.10715404152870178,56179.578125,100000,10000
othim04,full,0,0,0.01,25.015231113989586,0.20258966088294983,106215.328125,24.994102146190485,0.20282933115959167,106340.984375,0.02079010009765625,10900.0,0.010404586791992188,5455.0,0.009347915649414062,4901.0,0.0,0,0.22361943125724792,117240.984375,100000,10000
othim07,full,0,0,0.01,29.262915453704966,0.07062173634767532,37026.12890625,29.1966719000003,0.07235356420278549,37934.10546875,0.018560409545898438,9731.0,0.008237838745117188,4319.0,0.009431838989257812,4945.0,0.0,0,0.09091397374868393,47665.10546875,100000,10000
othim10,full,0,0,0.01,28.28572845906865,0.06032712012529373,31628.78515625,28.260759714410742,0.06068025529384613,31813.9296875,0.020086288452148438,10531.0,0.009351730346679688,4903.0,0.009824752807617188,5151.0,0.0,0,0.08076654374599457,42344.9296875,100000,10000
othim13,full,0,0,0.01,29.051690069799974,0.07243774831295013,37978.2421875,29.000773582757887,0.07309228181838989,38321.40625,0.018802642822265625,9858.0,0.008388519287109375,4398.0,0.009649276733398438,5059.0,0.0,0,0.09189492464065552,48179.40625,100000,10000
othim01,full,0,0,0.00802,28.377811013889914,0.10150027275085449,53215.375,28.352667281978924,0.10302289575338364,54013.66796875,0.018857955932617188,9887.0,0.00844573974609375,4428.0,0.00955963134765625,5012.0,0.0,0,0.12188085168600082,63900.66796875,100000,10000
othim04,full,0,0,0.00802,25.49004161262465,0.23574358224868774,123597.53125,25.47547359765414,0.2365070879459381,123997.828125,0.019954681396484375,10462.0,0.009412765502929688,4935.0,0.009634017944335938,5051.0,0.0,0,0.2564617693424225,134459.828125,100000,10000
othim07,full,0,0,0.00802,29.7447599442833,0.08196217566728592,42971.78515625,29.72946922965764,0.08234366774559021,43171.796875,0.02095794677734375,10988.0,0.009210586547851562,4829.0,0.0108795166015625,5704.0,0.0,0,0.10330161452293396,54159.796875,100000,10000
othim10,full,0,0,0.00802,28.63297929499411,0.06661926209926605,34927.6796875,28.61798935680964,0.06739293783903122,35333.30859375,0.0208587646484375,10936.0,0.009344100952148438,4899.0,0.010622024536132812,5569.0,0.0,0,0.08825170248746872,46269.30859375,100000,10000
othim13,full,0,0,0.00802,29.564246771453913,0.08251126110553741,43259.6640625,29.51946849154892,0.0839395746588707,44008.51171875,0.01871490478515625,9812.0,0.008234024047851562,4317.0,0.009622573852539062,5045.0,0.0,0,0.10265447944402695,53820.51171875,100000,10000
othim01,full,0,0,0.00604,29.00986839061332,0.12398519366979599,65003.94921875,28.997181278093148,0.12431085109710693,65174.6875,0.020099639892578125,10538.0,0.00948333740234375,4972.0,0.00963592529296875,5052.0,0.0,0,0.14441049098968506,75712.6875,100000,10000
othim04,full,0,0,0.00604,26.3362494324746,0.3032485842704773,158989.59375,26.3303720046171,0.3043401539325714,159561.890625,0.020977020263671875,10998.0,0.009380340576171875,4918.0,0.01059722900390625,5556.0,0.0,0,0.3253171741962433,170559.890625,100000,10000
othim07,full,0,0,0.00604,30.267289329575334,0.09746631234884262,51100.41796875,30.24843196497719,0.09815389662981033,51460.91015625,0.021945953369140625,11506.0,0.0103302001953125,5416.0,0.010738372802734375,5630.0,0.0,0,0.12009984999895096,62966.91015625,100000,10000
othim10,full,0,0,0.00604,29.224616997817098,0.08798012137413025,46126.921875,29.204466709051815,0.08860728144645691,46455.734375,0.020292282104492188,10639.0,0.00914764404296875,4796.0,0.010377883911132812,5441.0,0.0,0,0.1088995635509491,57094.734375,100000,10000
othim13,full,0,0,0.00604,30.168640351906287,0.09960001707077026,52219.09375,30.157709429151936,0.099859818816185,52355.3046875,0.020601272583007812,10801.0,0.009340286254882812,4897.0,0.010406494140625,5456.0,0.0,0,0.12046109139919281,63156.3046875,100000,10000
othim01,full,0,0,0.00406,29.87460746784193,0.1651805341243744,86602.171875,29.85549562489479,0.16625946760177612,87167.84375,0.021076202392578125,11050.0,0.009344100952148438,4899.0,0.01074981689453125,5636.0,0.0,0,0.18733566999435425,98217.84375,100000,10000
othim04,full,0,0,0.00406,27.516517970753927,0.3889739513397217,203934.375,27.51011207342521,0.3892759084701538,204092.6875,0.02193450927734375,11500.0,0.010435104370117188,5471.0,0.010509490966796875,5510.0,0.0,0,0.41121041774749756,215592.6875,100000,10000
othim07,full,0,0,0.00406,31.18890416988259,0.12515294551849365,65616.1875,31.158689604564653,0.12616106867790222,66144.734375,0.020910263061523438,10963.0,0.009183883666992188,4815.0,0.01085662841796875,5692.0,0.0,0,0.14707133173942566,77107.734375,100000,10000
othim10,full,0,0,0.00406,30.00290576125377,0.12235520780086517,64149.3671875,29.98299309713521,0.1229875385761261,64480.890625,0.020685195922851562,10845.0,0.009340286254882812,4897.0,0.010480880737304688,5495.0,0.0,0,0.14367273449897766,75325.890625,100000,10000
othim13,full,0,0,0.00406,30.92181836047583,0.12473925948143005,65399.296875,30.89022100028718,0.12555618584156036,65827.6015625,0.0200042724609375,10488.0,0.009347915649414062,4901.0,0.009784698486328125,5130.0,0.0,0,0.14556045830249786,76315.6015625,100000,10000
othim01,full,0,0,0.00208,31.915953907820963,0.28577786684036255,149829.90625,31.89640398404345,0.28813332319259644,151064.84375,0.019359588623046875,10150.0,0.008226394653320312,4313.0,0.01027679443359375,5388.0,0.0,0,0.3074929118156433,161214.84375,100000,10000
othim04,full,0,0,0.00208,29.734230603802263,0.6074336767196655,318470.1875,29.729671629723125,0.6088398694992065,319207.4375,0.023895263671875,12528.0,0.010358810424804688,5431.0,0.012582778930664062,6597.0,0.0,0,0.6327351331710815,331735.4375,100000,10000
othim07,full,0,0,0.00208,33.44720804997016,0.2026360034942627,106239.625,33.43665238419004,0.20352482795715332,106705.625,0.021501541137695312,11273.0,0.009220123291015625,4834.0,0.011417388916015625,5986.0,0.0,0,0.22502636909484863,117978.625,100000,10000
othim10,full,0,0,0.00208,31.540413852593932,0.20870983600616455,109424.0625,31.521792474789066,0.20895889401435852,109554.640625,0.022035598754882812,11553.0,0.010381698608398438,5443.0,0.01068878173828125,5604.0,0.0,0,0.23099449276924133,121107.640625,100000,10000
othim13,full,0,0,0.00208,33.21159344248801,0.21329355239868164,111827.25,33.202461408748384,0.21449699997901917,112458.203125,0.021396636962890625,11218.0,0.009283065795898438,4867.0,0.0113983154296875,5976.0,0.0,0,0.2358936369419098,123676.203125,100000,10000
othim01,full,0,0,0.0001,40.53174340677342,1.225699782371521,642619.6875,40.52539005544819,1.2264678478240967,643022.375,0.023487091064453125,12314.0,0.009927749633789062,5205.0,0.012451171875,6528.0,0.0,0,1.2499549388885498,655336.375,100000,10000
othim04,full,0,0,0.0001,40.458109299854065,2.204180955886841,1155625.625,40.45704648107763,2.204911708831787,1156008.75,0.024534225463867188,12863.0,0.010112762451171875,5302.0,0.013353347778320312,7001.0,0.0,0,2.2294459342956543,1168871.75,100000,10000
othim07,full,0,0,0.0001,41.34245432003265,0.8555447459220886,448551.84375,41.33829135613865,0.8574321269989014,449541.375,0.023906707763671875,12534.0,0.010181427001953125,5338.0,0.012523651123046875,6566.0,0.0,0,0.8813388347625732,462075.375,100000,10000
othim10,full,0,0,0.0001,40.87203226293277,1.2703092098236084,666007.875,40.86311389378088,1.2730154991149902,667426.75,0.024318695068359375,12750.0,0.010118484497070312,5305.0,0.01314544677734375,6892.0,0.0,0,1.2973341941833496,680176.75,100000,10000
othim13,full,0,0,0.0001,41.88883966838164,0.9168866872787476,480712.6875,41.88297530808069,0.9173191785812378,480939.4375,0.02367401123046875,12412.0,0.010087966918945312,5289.0,0.012393951416015625,6498.0,0.0,0,0.9409931898117065,493351.4375,100000,10000
othim01,full,1,0,0.01,28.45532716632198,0.09692023694515228,50814.1171875,28.439683851451118,0.09748423099517822,51109.8125,0.020639419555664062,10821.0,0.009342193603515625,4898.0,0.010568618774414062,5541.0,0.0,0,0.11812365055084229,61930.8125,100000,10000
othim04,full,1,0,0.01,25.43873237249868,0.2101169228553772,110161.78125,25.431936358168585,0.21034881472587585,110283.359375,0.022035598754882812,11553.0,0.01042938232421875,5468.0,0.010692596435546875,5606.0,0.0,0,0.23238441348075867,121836.359375,100000,10000
othim07,full,1,0,0.01,29.908349997289445,0.08235436677932739,43177.40625,29.875987764319333,0.08279475569725037,43408.296875,0.021123886108398438,11075.0,0.00949859619140625,4980.0,0.010761260986328125,5642.0,0.0,0,0.1039186418056488,54483.296875,100000,10000
othim10,full,1,0,0.01,28.93963736978478,0.07143139839172363,37450.625,28.930243443442276,0.07172925770282745,37606.7890625,0.020824432373046875,10918.0,0.009265899658203125,4858.0,0.010675430297851562,5597.0,0.0,0,0.09255369007587433,48524.7890625,100000,10000
othim13,full,1,0,0.01,29.73216331305162,0.08462957292795181,44370.26953125,29.68984486299909,0.08606143295764923,45120.9765625,0.018840789794921875,9878.0,0.008401870727539062,4405.0,0.009817123413085938,5147.0,0.0,0,0.1049022227525711,54998.9765625,100000,10000
othim01,full,1,0,0.00802,28.855743386976656,0.11370833963155746,59615.91796875,28.821067737162053,0.11397987604141235,59758.28125,0.019754409790039062,10357.0,0.009271621704101562,4861.0,0.009618759155273438,5043.0,0.0,0,0.13373428583145142,70115.28125,100000,10000
othim04,full,1,0,0.00802,26.16751913764927,0.2608739733695984,136773.09375,26.140554801718384,0.2618657946586609,137293.09375,0.019344329833984375,10142.0,0.009328842163085938,4891.0,0.009130477905273438,4787.0,0.0,0,0.28121012449264526,147435.09375,100000,10000
othim07,full,1,0,0.00802,30.46898517881625,0.09718890488147736,50954.9765625,30.450387582467627,0.09790882468223572,51332.421875,0.020757675170898438,10883.0,0.009260177612304688,4855.0,0.01062774658203125,5572.0,0.0,0,0.11866649985313416,62215.421875,100000,10000
othim10,full,1,0,0.00802,29.317302148667448,0.08704237639904022,45635.2734375,29.300187163929717,0.08881913125514984,46566.8046875,0.019876480102539062,10421.0,0.00811767578125,4256.0,0.010889053344726562,5709.0,0.0,0,0.1086956113576889,56987.8046875,100000,10000
othim13,full,1,0,0.00802,30.195221861338876,0.09506408870220184,49840.9609375,30.174689796335034,0.09559710323810577,50120.4140625,0.021112442016601562,11069.0,0.009281158447265625,4866.0,0.010976791381835938,5755.0,0.0,0,0.11670954525470734,61189.4140625,100000,10000
othim01,full,1,0,0.00604,29.582604076075892,0.1416831910610199,74282.796875,29.537809988755395,0.14209142327308655,74496.828125,0.019826889038085938,10395.0,0.0093841552734375,4920.0,0.009443283081054688,4951.0,0.0,0,0.16191831231117249,84891.828125,100000,10000
othim04,full,1,0,0.00604,26.973103872480504,0.3258844017982483,170857.28125,26.961856300334148,0.3279816806316376,171956.859375,0.019601821899414062,10277.0,0.008092880249023438,4243.0,0.010639190673828125,5578.0,0.0,0,0.34758350253105164,182233.859375,100000,10000
othim07,full,1,0,0.00604,31.346899592766004,0.12359750270843506,64800.6875,31.333258268809015,0.12418314814567566,65107.734375,0.020936965942382812,10977.0,0.009328842163085938,4891.0,0.010736465454101562,5629.0,0.0,0,0.14512011408805847,76084.734375,100000,10000
othim10,full,1,0,0.00604,29.85970955240704,0.10803425312042236,56641.0625,29.839915950456803,0.11040130257606506,57882.078125,0.019481658935546875,10214.0,0.008169174194335938,4283.0,0.010576248168945312,5545.0,0.0,0,0.12988296151161194,68096.078125,100000,10000
othim13,full,1,0,0.00604,30.78458093944162,0.1154952347278595,60552.765625,30.754462615046535,0.11616185307502747,60902.265625,0.019815444946289062,10389.0,0.009294509887695312,4873.0,0.00965118408203125,5060.0,0.0,0,0.13597729802131653,71291.265625,100000,10000
othim01,full,1,0,0.00406,30.732412326122176,0.1979612559080124,103788.7109375,30.67722795447213,0.19838562607765198,104011.203125,0.020870208740234375,10942.0,0.010385513305664062,5445.0,0.009508132934570312,4985.0,0.0,0,0.21925583481788635,114953.203125,100000,10000
othim04,full,1,0,0.00406,28.120596284901115,0.4178086519241333,219052.0625,28.11070294753735,0.4185091555118561,219419.328125,0.020751953125,10880.0,0.009309768676757812,4881.0,0.010564804077148438,5539.0,0.0,0,0.4392611086368561,230299.328125,100000,10000
othim07,full,1,0,0.00406,32.47385298105393,0.1569606363773346,82292.578125,32.450791810324745,0.1577344536781311,82698.28125,0.02071380615234375,10860.0,0.009290695190429688,4871.0,0.010438919067382812,5473.0,0.0,0,0.17844825983047485,93558.28125,100000,10000
othim10,full,1,0,0.00406,30.702476823489224,0.15048539638519287,78897.6875,30.685099652475525,0.1509535312652588,79143.125,0.020816802978515625,10914.0,0.009395599365234375,4926.0,0.010568618774414062,5541.0,0.0,0,0.17177033424377441,90057.125,100000,10000
othim13,full,1,0,0.00406,32.150987391102774,0.16260689496994019,85252.84375,32.1347017880855,0.16326472163200378,85597.734375,0.020746231079101562,10877.0,0.009374618530273438,4915.0,0.01050567626953125,5508.0,0.0,0,0.18401095271110535,96474.734375,100000,10000
othim01,full,1,0,0.00208,32.86787865612567,0.3093278110027313,162176.859375,32.84438222348845,0.3099478483200073,162501.9375,0.02190399169921875,11484.0,0.010486602783203125,5498.0,0.010555267333984375,5534.0,0.0,0,0.3318518400192261,173985.9375,100000,10000
othim01,erp,0,0,0.01,27.90491524640272,0.08730657398700714,45773.7890625,27.858653707377044,0.08842013031244278,46357.61328125,0.018598556518554688,9751.0,0.008176803588867188,4287.0,0.009552001953125,5008.0,0.0,0,0.10701868683099747,56108.61328125,100000,10000
othim04,erp,0,0,0.01,25.009133025655416,0.19503551721572876,102254.78125,25.001972640650095,0.19560934603214264,102555.6328125,0.0211639404296875,11096.0,0.009342193603515625,4898.0,0.010919570922851562,5725.0,0.0,0,0.21677328646183014,113651.6328125,100000,10000
othim07,erp,0,0,0.01,29.291452805297453,0.06957876682281494,36479.3125,29.247226310185763,0.07056924700737,36998.609375,0.018907546997070312,9913.0,0.008358001708984375,4382.0,0.009786605834960938,5131.0,0.0,0,0.08947679400444031,46911.609375,100000,10000
othim10,erp,0,0,0.01,28.280899767476825,0.05983605608344078,31371.326171875,28.267656631029297,0.06133947893977165,32159.552734375,0.02027130126953125,10628.0,0.008321762084960938,4363.0,0.010953903198242188,5743.0,0.0,0,0.0816107802093029,42787.552734375,100000,10000
othim13,erp,0,0,0.01,29.133330549156742,0.071141816675663,37298.80078125,29.097271038050085,0.07142925262451172,37449.5,0.021331787109375,11184.0,0.010503768920898438,5507.0,0.009954452514648438,5219.0,0.0,0,0.09276103973388672,48633.5,100000,10000
othim01,erp,0,0,0.00802,28.358535379155057,0.10147479176521301,53202.015625,28.305934420351008,0.10201562196016312,53485.56640625,0.019662857055664062,10309.0,0.009347915649414062,4901.0,0.00958251953125,5024.0,0.0,0,0.12167847901582718,63794.56640625,100000,10000
othim04,erp,0,0,0.00802,25.53159445689758,0.2341204583644867,122746.546875,25.522971935685433,0.23539960384368896,123417.1875,0.020109176635742188,10543.0,0.008329391479492188,4367.0,0.010896682739257812,5713.0,0.0,0,0.25550878047943115,133960.1875,100000,10000
othim07,erp,0,0,0.00802,29.76340899630112,0.08160321414470673,42783.5859375,29.750701061867897,0.08240075409412384,43201.7265625,0.020931243896484375,10974.0,0.0091094970703125,4776.0,0.01080322265625,5664.0,0.0,0,0.10333199799060822,54175.7265625,100000,10000
othim10,erp,0,0,0.00802,28.64051068734182,0.06501920521259308,34088.7890625,28.620710314074245,0.0663243979215622,34773.0859375,0.020986557006835938,11003.0,0.009067535400390625,4754.0,0.0109100341796875,5720.0,0.0,0,0.08731095492839813,45776.0859375,100000,10000
othim13,erp,0,0,0.00802,29.55414014813748,0.08104851841926575,42492.765625,29.545090337519554,0.08142682164907455,42691.10546875,0.021268844604492188,11151.0,0.0095367431640625,5000.0,0.010839462280273438,5683.0,0.0,0,0.10269566625356674,53842.10546875,100000,10000
othim01,erp,0,0,0.00604,28.88426791406364,0.1229742094874382,64473.90234375,28.87184684960052,0.1241217628121376,65075.55078125,0.020198822021484375,10590.0,0.00839996337890625,4404.0,0.010927200317382812,5729.0,0.0,0,0.14432058483362198,75665.55078125,100000,10000
othim04,erp,0,0,0.00604,26.34606051277767,0.3026345372200012,158667.65625,26.334086499966332,0.30278658866882324,158747.375,0.022357940673828125,11722.0,0.010555267333984375,5534.0,0.01091766357421875,5724.0,0.0,0,0.32514452934265137,170469.375,100000,10000
othim07,erp,0,0,0.00604,30.23860402573625,0.09653112292289734,50610.109375,30.22328425892196,0.0984145998954773,51597.59375,0.020206451416015625,10594.0,0.008449554443359375,4430.0,0.010873794555664062,5701.0,0.0,0,0.11862105131149292,62191.59375,100000,10000
othim10,erp,0,0,0.00604,29.278668229322637,0.0898856371641159,47125.9609375,29.247511052498783,0.09101412445306778,47717.61328125,0.019029617309570312,9977.0,0.008289337158203125,4346.0,0.009744644165039062,5109.0,0.0,0,0.11004374176263809,57694.61328125,100000,10000
othim13,erp,0,0,0.00604,30.065353051898025,0.09792792797088623,51342.4375,30.052415048018613,0.0982687920331955,51521.1484375,0.02118682861328125,11108.0,0.009389877319335938,4923.0,0.010919570922851562,5725.0,0.0,0,0.11945562064647675,62629.1484375,100000,10000
othim01,erp,0,0,0.00406,29.79148841368134,0.16289368271827698,85403.203125,29.778309426261885,0.16361212730407715,85779.875,0.021043777465820312,11033.0,0.009374618530273438,4915.0,0.010692596435546875,5606.0,0.0,0,0.18465590476989746,96812.875,100000,10000
othim04,erp,0,0,0.00406,27.53217673611554,0.3916117548942566,205317.34375,27.52260601781937,0.3921596109867096,205604.578125,0.020612716674804688,10807.0,0.009214401245117188,4831.0,0.010555267333984375,5534.0,0.0,0,0.4127723276615143,216411.578125,100000,10000
othim07,erp,0,0,0.00406,31.267630108207484,0.12497861683368683,65524.7890625,31.257296664379293,0.12566061317920685,65882.3515625,0.0211181640625,11072.0,0.009258270263671875,4854.0,0.010885238647460938,5707.0,0.0,0,0.14677877724170685,76954.3515625,100000,10000
othim10,erp,0,0,0.00406,29.981913714970048,0.12162454426288605,63766.2890625,29.96829584422791,0.12258933484554291,64272.1171875,0.020862579345703125,10938.0,0.0091400146484375,4792.0,0.010728836059570312,5625.0,0.0,0,0.14345191419124603,75210.1171875,100000,10000
othim13,erp,0,0,0.00406,30.92284616831104,0.12124340236186981,63566.4609375,30.914875398926927,0.12192307412624359,63922.8046875,0.021306991577148438,11171.0,0.009202957153320312,4825.0,0.011110305786132812,5825.0,0.0,0,0.14323006570339203,75093.8046875,100000,10000
othim01,erp,0,0,0.00208,32.10893496811405,0.278059720993042,145783.375,32.101758067062896,0.27894118428230286,146245.515625,0.021902084350585938,11483.0,0.00934600830078125,4900.0,0.011575698852539062,6069.0,0.0,0,0.3008432686328888,157728.515625,100000,10000
othim04,erp,0,0,0.00208,29.76496315825415,0.6078652143478394,318696.4375,29.7543334593971,0.6090213060379028,319302.5625,0.021007537841796875,11014.0,0.00916290283203125,4804.0,0.011003494262695312,5769.0,0.0,0,0.6300288438796997,330316.5625,100000,10000
othim07,erp,0,0,0.00208,33.42971599167432,0.20371109247207642,106803.28125,33.41712441204365,0.20479834079742432,107373.3125,0.022142410278320312,11609.0,0.009372711181640625,4914.0,0.01177978515625,6176.0,0.0,0,0.22694075107574463,118982.3125,100000,10000
othim10,erp,0,0,0.00208,31.578638110424265,0.21197375655174255,111135.296875,31.563339808439732,0.21225473284721375,111282.609375,0.02199554443359375,11532.0,0.010282516479492188,5391.0,0.01087188720703125,5700.0,0.0,0,0.2342502772808075,122814.609375,100000,10000
othim13,erp,0,0,0.00208,33.21480202888691,0.2165517508983612,113535.484375,33.21029195811598,0.21687307953834534,113703.953125,0.023223876953125,12176.0,0.010387420654296875,5446.0,0.011869430541992188,6223.0,0.0,0,0.24009695649147034,125879.953125,100000,10000
othim01,erp,0,0,0.0001,40.4324012716549,1.2767804861068726,669400.6875,40.42404689223703,1.278831958770752,670476.25,0.02385711669921875,12508.0,0.010118484497070312,5305.0,0.012784957885742188,6703.0,0.0,0,1.3026890754699707,682984.25,100000,10000
othim04,erp,0,0,0.0001,40.34414006840604,2.204072952270508,1155569.0,40.33867878537534,2.206563949584961,1156875.0,0.023397445678710938,12267.0,0.009845733642578125,5162.0,0.0125885009765625,6600.0,0.0,0,2.229961395263672,1169142.0,100000,10000
othim07,erp,0,0,0.0001,41.35814035221955,0.8603020906448364,451046.0625,41.35298216804905,0.8619633913040161,451917.0625,0.023672103881835938,12411.0,0.010309219360351562,5405.0,0.012289047241210938,6443.0,0.0,0,0.885635495185852,464328.0625,100000,10000
othim10,erp,0,0,0.0001,40.95874410775664,1.2423396110534668,651343.75,40.95330235692567,1.2438650131225586,652143.5,0.024572372436523438,12883.0,0.010370254516601562,5437.0,0.012990951538085938,6811.0,0.0,0,1.268437385559082,665026.5,100000,10000
othim13,erp,0,0,0.0001,41.798232586265414,0.9142171144485474,479313.0625,41.792044519655306,0.9147775173187256,479606.875,0.0240020751953125,12584.0,0.010206222534179688,5351.0,0.012830734252929688,6727.0,0.0,0,0.9387795925140381,492190.875,100000,10000
othim01,full,1,0,0.0001,40.84897661922354,1.3262147903442383,695318.5,40.83199478383071,1.334368348121643,699593.3125,0.02175140380859375,11404.0,0.007909774780273438,4147.0,0.01259613037109375,6604.0,0.0,0,1.3561197519302368,710997.3125,100000,10000
othim04,full,1,0,0.0001,40.853353915115335,2.2581627368927,1183927.625,40.848396553890915,2.260467529296875,1185136.0,0.022594451904296875,11846.0,0.00901031494140625,4724.0,0.01251220703125,6560.0,0.0,0,2.283061981201172,1196982.0,100000,10000
othim07,full,1,0,0.0001,41.90332083337647,0.9250100255012512,484971.65625,41.89401028602509,0.9266624450683594,485838.0,0.0235443115234375,12344.0,0.010068893432617188,5279.0,0.012514114379882812,6561.0,0.0,0,0.9502067565917969,498182.0,100000,10000
othim10,full,1,0,0.0001,41.76518475909892,1.2946515083312988,678770.25,41.761646046158354,1.2972745895385742,680145.5,0.02355194091796875,12348.0,0.009233474731445312,4841.0,0.013225555419921875,6934.0,0.0,0,1.320826530456543,692493.5,100000,10000
othim13,full,1,0,0.0001,42.44804989353889,0.9592335224151611,502914.625,42.43855232613068,0.960006833076477,503320.0625,0.023576736450195312,12361.0,0.010196685791015625,5346.0,0.012302398681640625,6450.0,0.0,0,0.9835835695266724,515681.0625,100000,10000
othim01,full,1,0,0.00208,32.830090017385274,0.3134869933128357,164357.46875,32.818343686022125,0.3137776851654053,164509.875,0.022783279418945312,11945.0,0.010547637939453125,5530.0,0.011365890502929688,5959.0,0.0,0,0.3365609645843506,176454.875,100000,10000
othim04,full,1,0,0.00208,30.42301243932486,0.6464447975158691,338923.25,30.41724806624336,0.6475841999053955,339520.625,0.021144866943359375,11086.0,0.008916854858398438,4675.0,0.011373519897460938,5963.0,0.0,0,0.6687290668487549,350606.625,100000,10000
othim07,full,1,0,0.00208,34.288155479335785,0.22660194337368011,118804.6796875,34.26385820782688,0.2280806303024292,119579.9375,0.020959854125976562,10989.0,0.009487152099609375,4974.0,0.010488510131835938,5499.0,0.0,0,0.24904048442840576,130568.9375,100000,10000
othim10,full,1,0,0.00208,32.538123238523305,0.2578199505805969,135171.90625,32.529881267447884,0.25869691371917725,135631.6875,0.022855758666992188,11983.0,0.010356903076171875,5430.0,0.01141357421875,5984.0,0.0,0,0.28155267238616943,147614.6875,100000,10000
othim13,full,1,0,0.00208,34.070845503421786,0.237015962600708,124264.625,34.05289979697252,0.2373388111591339,124433.890625,0.02194976806640625,11508.0,0.010540008544921875,5526.0,0.010400772094726562,5453.0,0.0,0,0.25928857922554016,135941.890625,100000,10000
othim01,erp,1,1,0.01,28.430492627808462,0.09733372926712036,51030.90625,28.38818063827317,0.09844381362199783,51612.91015625,0.02059173583984375,10796.0,0.008172988891601562,4285.0,0.011432647705078125,5994.0,0.0,0,0.11903554946184158,62408.91015625,100000,10000
othim04,erp,1,1,0.01,25.42534384851938,0.2096633017063141,109923.953125,25.412925510126172,0.2109900712966919,110619.5625,0.021671295166015625,11362.0,0.009265899658203125,4858.0,0.011381149291992188,5967.0,0.0,0,0.23266136646270752,121981.5625,100000,10000
othim07,erp,1,1,0.01,29.999403186375485,0.08221857249736786,43106.2109375,29.942196007578953,0.08267851173877716,43347.3515625,0.02227020263671875,11676.0,0.010219573974609375,5358.0,0.011165618896484375,5854.0,0.0,0,0.10494871437549591,55023.3515625,100000,10000
othim10,erp,1,1,0.01,28.913856166359505,0.07181882113218307,37653.74609375,28.89847148264876,0.07310931384563446,38330.3359375,0.02191162109375,11488.0,0.008213043212890625,4306.0,0.012819290161132812,6721.0,0.0,0,0.09502093493938446,49818.3359375,100000,10000
othim13,erp,1,1,0.01,29.800154257922724,0.0848717987537384,44497.265625,29.770070763244764,0.08570046722888947,44931.7265625,0.021703720092773438,11379.0,0.009456634521484375,4958.0,0.011335372924804688,5943.0,0.0,0,0.1074041873216629,56310.7265625,100000,10000
othim01,erp,1,1,0.00802,28.861256189403388,0.11500217020511627,60294.2578125,28.828358879679598,0.11533728986978531,60469.95703125,0.0219573974609375,11512.0,0.009357452392578125,4906.0,0.011751174926757812,6161.0,0.0,0,0.1372946873307228,71981.95703125,100000,10000
othim04,erp,1,1,0.00802,26.132622222703407,0.26241517066955566,137581.125,26.117922957773573,0.2632310390472412,138008.875,0.022901535034179688,12007.0,0.00958251953125,5024.0,0.012556076049804688,6583.0,0.0,0,0.2861325740814209,150015.875,100000,10000
othim07,erp,1,1,0.00802,30.513080404588,0.0959298387169838,50294.86328125,30.476462338703623,0.09708297252655029,50899.4375,0.020235061645507812,10609.0,0.008218765258789062,4309.0,0.011125564575195312,5833.0,0.0,0,0.1173180341720581,61508.4375,100000,10000
othim10,erp,1,1,0.00802,29.3073117329703,0.08494523912668228,44535.76953125,29.27291953804944,0.0850357711315155,44583.234375,0.022420883178710938,11755.0,0.0103302001953125,5416.0,0.011322021484375,5936.0,0.0,0,0.10745665431022644,56338.234375,100000,10000
othim13,erp,1,1,0.00802,30.239464266072048,0.09723012894392014,50976.58984375,30.195716111804597,0.0985407829284668,51663.75,0.020517349243164062,10757.0,0.008329391479492188,4367.0,0.011318206787109375,5934.0,0.0,0,0.11905813217163086,62420.75,100000,10000
othim01,erp,1,1,0.00604,29.564426274836517,0.1395733803510666,73176.6484375,29.533294478789898,0.14113527536392212,73995.53125,0.020656585693359375,10830.0,0.00835418701171875,4380.0,0.011295318603515625,5922.0,0.0,0,0.1617918610572815,84825.53125,100000,10000
othim04,erp,1,1,0.00604,26.94545787512736,0.32578957080841064,170807.5625,26.93474878860106,0.3260539174079895,170946.15625,0.023817062377929688,12487.0,0.010662078857421875,5590.0,0.012279510498046875,6438.0,0.0,0,0.3498709797859192,183433.15625,100000,10000
othim07,erp,1,1,0.00604,31.2482206188499,0.12015236914157867,62994.4453125,31.225563250084885,0.12077324092388153,63319.9609375,0.022752761840820312,11929.0,0.009309768676757812,4881.0,0.012456893920898438,6531.0,0.0,0,0.14352600276470184,75248.9609375,100000,10000
othim10,erp,1,1,0.00604,29.80285759911858,0.10724902153015137,56229.375,29.793248967350834,0.10742306709289551,56320.625,0.023754119873046875,12454.0,0.010143280029296875,5318.0,0.012620925903320312,6617.0,0.0,0,0.13117718696594238,68774.625,100000,10000
othim13,erp,1,1,0.00604,30.912873701649193,0.11631367355585098,60981.86328125,30.87905438551311,0.11749815195798874,61602.87109375,0.022647857666015625,11874.0,0.009366989135742188,4911.0,0.012529373168945312,6569.0,0.0,0,0.14014600962400436,73476.87109375,100000,10000
