,image_name,model_idx,bpp,eval_psnr,ws_ssim,codec
0,othim02,0,0.1484,27.11,0.84,lic360_777965
1,othim05,0,0.1957,24.95,0.7812,lic360_777965
2,othim15,0,0.1202,28.04,0.8787,lic360_777965
3,othim04,0,0.209,23.5,0.7546,lic360_777965
4,othim12,0,0.1433,27.08,0.799,lic360_777965
5,othim19,0,0.1918,25.11,0.8001,lic360_777965
6,othim10,0,0.1297,27.97,0.8184,lic360_777965
7,othim18,0,0.103,28.58,0.891,lic360_777965
8,othim21,0,0.1916,24.85,0.7957,lic360_777965
9,othim16,0,0.1036,28.43,0.8902,lic360_777965
10,othim03,0,0.1481,27.09,0.8362,lic360_777965
11,othim20,0,0.191,25.0,0.7968,lic360_777965
12,othim17,0,0.103,28.46,0.8908,lic360_777965
13,othim29,0,0.1528,25.49,0.8139,lic360_777965
14,othim06,0,0.1937,24.85,0.786,lic360_777965
15,othim23,0,0.1208,26.73,0.853,lic360_777965
16,othim07,0,0.124,28.42,0.8921,lic360_777965
17,othim09,0,0.1235,28.33,0.888,lic360_777965
18,othim11,0,0.1386,27.49,0.8076,lic360_777965
19,othim14,0,0.1196,28.19,0.8791,lic360_777965
20,othim27,0,0.1817,24.6,0.7949,lic360_777965
21,othim30,0,0.1572,25.08,0.8072,lic360_777965
22,othim08,0,0.1205,29.05,0.8958,lic360_777965
23,othim24,0,0.1344,25.72,0.8283,lic360_777965
24,othim22,0,0.123,27.12,0.8759,lic360_777965
25,othim26,0,0.1853,23.41,0.7935,lic360_777965
26,othim25,0,0.1852,23.48,0.794,lic360_777965
27,othim28,0,0.1579,25.33,0.806,lic360_777965
28,othim13,0,0.1196,28.28,0.8797,lic360_777965
29,othim01,0,0.1489,27.22,0.8433,lic360_777965
30,othim02,1,0.2002,28.39,0.8644,lic360_777965
31,othim05,1,0.2708,26.34,0.8263,lic360_777965
32,othim15,1,0.1604,29.17,0.8908,lic360_777965
33,othim04,1,0.2965,25.03,0.8094,lic360_777965
34,othim12,1,0.2041,28.37,0.8393,lic360_777965
35,othim19,1,0.265,26.37,0.8418,lic360_777965
36,othim10,1,0.1821,29.18,0.8486,lic360_777965
37,othim18,1,0.138,29.6,0.9045,lic360_777965
38,othim21,1,0.2662,26.15,0.8384,lic360_777965
39,othim16,1,0.1394,29.49,0.9044,lic360_777965
40,othim03,1,0.2003,28.38,0.8624,lic360_777965
41,othim20,1,0.265,26.28,0.8394,lic360_777965
42,othim17,1,0.1387,29.58,0.9043,lic360_777965
43,othim29,1,0.2191,26.79,0.8496,lic360_777965
44,othim06,1,0.2636,26.22,0.8292,lic360_777965
45,othim23,1,0.1687,28.08,0.8801,lic360_777965
46,othim07,1,0.1574,29.58,0.9052,lic360_777965
47,othim09,1,0.1569,29.55,0.9005,lic360_777965
48,othim11,1,0.1952,28.75,0.8444,lic360_777965
49,othim14,1,0.1587,29.18,0.8908,lic360_777965
50,othim27,1,0.2467,26.0,0.8313,lic360_777965
51,othim30,1,0.2267,26.35,0.8457,lic360_777965
52,othim08,1,0.1519,30.09,0.9073,lic360_777965
53,othim24,1,0.1924,27.09,0.8629,lic360_777965
54,othim22,1,0.1619,28.31,0.8893,lic360_777965
55,othim26,1,0.2534,24.83,0.8334,lic360_777965
56,othim25,1,0.2529,24.9,0.8332,lic360_777965
57,othim28,1,0.2275,26.55,0.8456,lic360_777965
58,othim13,1,0.1588,29.2,0.891,lic360_777965
59,othim01,1,0.1987,28.4,0.8667,lic360_777965
60,othim02,2,0.2385,29.23,0.8813,lic360_777965
61,othim05,2,0.3167,26.9,0.8477,lic360_777965
62,othim15,2,0.1917,29.85,0.9061,lic360_777965
63,othim04,2,0.3467,25.56,0.8329,lic360_777965
64,othim12,2,0.2455,28.96,0.8592,lic360_777965
65,othim19,2,0.3104,27.07,0.8629,lic360_777965
66,othim10,2,0.2208,29.79,0.8675,lic360_777965
67,othim18,2,0.1662,30.46,0.9174,lic360_777965
68,othim21,2,0.3123,26.91,0.8608,lic360_777965
69,othim16,2,0.1681,30.4,0.9178,lic360_777965
70,othim03,2,0.2388,29.23,0.8795,lic360_777965
71,othim20,2,0.3106,26.97,0.8603,lic360_777965
72,othim17,2,0.1672,30.4,0.9173,lic360_777965
73,othim29,2,0.2566,27.32,0.8669,lic360_777965
74,othim06,2,0.3098,26.82,0.8506,lic360_777965
75,othim23,2,0.1998,28.85,0.8945,lic360_777965
76,othim07,2,0.1859,30.28,0.9172,lic360_777965
77,othim09,2,0.1866,30.36,0.9132,lic360_777965
78,othim11,2,0.2347,29.37,0.8638,lic360_777965
79,othim14,2,0.1904,29.83,0.9062,lic360_777965
80,othim27,2,0.293,26.63,0.8512,lic360_777965
81,othim30,2,0.2651,26.88,0.8631,lic360_777965
82,othim08,2,0.1796,30.87,0.9187,lic360_777965
83,othim24,2,0.2286,27.72,0.8775,lic360_777965
84,othim22,2,0.1899,29.02,0.9018,lic360_777965
85,othim26,2,0.2994,25.4,0.8515,lic360_777965
86,othim25,2,0.2989,25.47,0.8519,lic360_777965
87,othim28,2,0.2673,27.09,0.8632,lic360_777965
88,othim13,2,0.1904,29.89,0.9064,lic360_777965
89,othim01,2,0.2364,29.21,0.8828,lic360_777965
90,othim02,3,0.2754,29.83,0.8927,lic360_777965
91,othim05,3,0.3775,27.73,0.8712,lic360_777965
92,othim15,3,0.2262,30.52,0.9157,lic360_777965
93,othim04,3,0.4111,26.4,0.8576,lic360_777965
94,othim12,3,0.2938,29.68,0.8767,lic360_777965
95,othim19,3,0.366,27.76,0.8811,lic360_777965
96,othim10,3,0.2621,30.54,0.8818,lic360_777965
97,othim18,3,0.1912,31.04,0.9255,lic360_777965
98,othim21,3,0.3688,27.62,0.8793,lic360_777965
99,othim16,3,0.1936,30.99,0.9257,lic360_777965
100,othim03,3,0.277,29.85,0.8921,lic360_777965
101,othim20,3,0.3672,27.69,0.8794,lic360_777965
102,othim17,3,0.1927,31.02,0.9257,lic360_777965
103,othim29,3,0.3112,28.2,0.8855,lic360_777965
104,othim06,3,0.3681,27.62,0.8727,lic360_777965
105,othim23,3,0.2317,29.38,0.9055,lic360_777965
106,othim07,3,0.2098,30.93,0.9248,lic360_777965
107,othim09,3,0.2099,30.91,0.9207,lic360_777965
108,othim11,3,0.2789,30.11,0.8796,lic360_777965
109,othim14,3,0.2247,30.58,0.9159,lic360_777965
110,othim27,3,0.3444,27.26,0.869,lic360_777965
111,othim30,3,0.3206,27.75,0.8823,lic360_777965
112,othim08,3,0.2026,31.48,0.9255,lic360_777965
113,othim24,3,0.2666,28.32,0.8903,lic360_777965
114,othim22,3,0.2241,29.75,0.9124,lic360_777965
115,othim26,3,0.3515,26.06,0.8699,lic360_777965
116,othim25,3,0.3506,26.13,0.8697,lic360_777965
117,othim28,3,0.3228,27.91,0.8824,lic360_777965
118,othim13,3,0.2249,30.62,0.9162,lic360_777965
119,othim01,3,0.2757,29.88,0.8954,lic360_777965
120,othim02,4,0.3502,30.72,0.91,lic360_777965
121,othim05,4,0.4682,28.5,0.8921,lic360_777965
122,othim15,4,0.2875,31.38,0.9294,lic360_777965
123,othim04,4,0.51,27.1,0.8803,lic360_777965
124,othim12,4,0.3748,30.4,0.8957,lic360_777965
125,othim19,4,0.4535,28.52,0.9013,lic360_777965
126,othim10,4,0.3399,31.27,0.9002,lic360_777965
127,othim18,4,0.245,31.77,0.9373,lic360_777965
128,othim21,4,0.4565,28.35,0.8992,lic360_777965
129,othim16,4,0.2471,31.71,0.9374,lic360_777965
130,othim03,4,0.3522,30.64,0.9088,lic360_777965
131,othim20,4,0.4551,28.44,0.8996,lic360_777965
132,othim17,4,0.2462,31.76,0.9373,lic360_777965
133,othim29,4,0.3879,28.81,0.9017,lic360_777965
134,othim06,4,0.4568,28.34,0.8933,lic360_777965
135,othim23,4,0.2946,30.3,0.9194,lic360_777965
136,othim07,4,0.2646,31.76,0.936,lic360_777965
137,othim09,4,0.2664,31.75,0.9321,lic360_777965
138,othim11,4,0.3582,30.85,0.8985,lic360_777965
139,othim14,4,0.286,31.41,0.9292,lic360_777965
140,othim27,4,0.4325,28.05,0.8883,lic360_777965
141,othim30,4,0.4007,28.39,0.8998,lic360_777965
142,othim08,4,0.2556,32.37,0.9362,lic360_777965
143,othim24,4,0.3385,29.03,0.9052,lic360_777965
144,othim22,4,0.2828,30.7,0.9244,lic360_777965
145,othim26,4,0.4387,26.8,0.8879,lic360_777965
146,othim25,4,0.4382,26.87,0.8881,lic360_777965
147,othim28,4,0.4029,28.63,0.8995,lic360_777965
148,othim13,4,0.286,31.42,0.9294,lic360_777965
149,othim01,4,0.3497,30.76,0.9123,lic360_777965
150,othim02,5,0.4115,31.11,0.9153,lic360_777965
151,othim05,5,0.5209,28.82,0.8993,lic360_777965
152,othim15,5,0.3325,31.75,0.9311,lic360_777965
153,othim04,5,0.5664,27.47,0.8901,lic360_777965
154,othim12,5,0.4237,30.88,0.9035,lic360_777965
155,othim19,5,0.5083,28.72,0.9079,lic360_777965
156,othim10,5,0.3875,31.61,0.9048,lic360_777965
157,othim18,5,0.2904,32.04,0.939,lic360_777965
158,othim21,5,0.5119,28.59,0.9064,lic360_777965
159,othim16,5,0.2917,32.01,0.9391,lic360_777965
160,othim03,5,0.4147,31.06,0.9141,lic360_777965
161,othim20,5,0.5097,28.67,0.9065,lic360_777965
162,othim17,5,0.2915,32.0,0.939,lic360_777965
163,othim29,5,0.4461,29.36,0.9112,lic360_777965
164,othim06,5,0.5105,28.79,0.9005,lic360_777965
165,othim23,5,0.341,30.78,0.9229,lic360_777965
166,othim07,5,0.3222,32.18,0.939,lic360_777965
167,othim09,5,0.3251,32.08,0.9353,lic360_777965
168,othim11,5,0.4056,31.31,0.9051,lic360_777965
169,othim14,5,0.3302,31.76,0.931,lic360_777965
170,othim27,5,0.5056,28.45,0.897,lic360_777965
171,othim30,5,0.4598,28.89,0.9095,lic360_777965
172,othim08,5,0.3131,32.7,0.9393,lic360_777965
173,othim24,5,0.397,29.56,0.9107,lic360_777965
174,othim22,5,0.3359,31.06,0.9279,lic360_777965
175,othim26,5,0.5134,27.25,0.8974,lic360_777965
176,othim25,5,0.5112,27.32,0.8972,lic360_777965
177,othim28,5,0.4623,29.1,0.9096,lic360_777965
178,othim13,5,0.3295,31.79,0.931,lic360_777965
179,othim01,5,0.4081,31.08,0.9166,lic360_777965
180,othim02,6,0.5161,31.96,0.9294,lic360_777965
181,othim05,6,0.6663,29.89,0.9219,lic360_777965
182,othim15,6,0.4298,32.52,0.9435,lic360_777965
183,othim04,6,0.7284,28.53,0.9149,lic360_777965
184,othim12,6,0.5406,31.77,0.9221,lic360_777965
185,othim19,6,0.6402,29.83,0.9276,lic360_777965
186,othim10,6,0.501,32.51,0.9227,lic360_777965
187,othim18,6,0.3607,32.89,0.9494,lic360_777965
188,othim21,6,0.6455,29.6,0.9258,lic360_777965
189,othim16,6,0.3623,32.78,0.9491,lic360_777965
190,othim03,6,0.5179,31.94,0.9284,lic360_777965
191,othim20,6,0.6434,29.74,0.9263,lic360_777965
192,othim17,6,0.3618,32.82,0.9495,lic360_777965
193,othim29,6,0.5737,30.44,0.9303,lic360_777965
194,othim06,6,0.6527,29.82,0.9222,lic360_777965
195,othim23,6,0.4319,31.65,0.9362,lic360_777965
196,othim07,6,0.3845,32.87,0.9467,lic360_777965
197,othim09,6,0.3879,32.8,0.9442,lic360_777965
198,othim11,6,0.5206,32.19,0.9231,lic360_777965
199,othim14,6,0.4269,32.55,0.9435,lic360_777965
200,othim27,6,0.6308,29.23,0.9132,lic360_777965
201,othim30,6,0.5899,29.94,0.9293,lic360_777965
202,othim08,6,0.3755,33.42,0.9475,lic360_777965
203,othim24,6,0.5009,30.5,0.9259,lic360_777965
204,othim22,6,0.4193,31.96,0.939,lic360_777965
205,othim26,6,0.6405,28.0,0.9137,lic360_777965
206,othim25,6,0.6371,28.07,0.9136,lic360_777965
207,othim28,6,0.591,30.15,0.9292,lic360_777965
208,othim13,6,0.4272,32.58,0.9438,lic360_777965
209,othim01,6,0.515,31.99,0.9305,lic360_777965
210,othim02,7,0.6015,32.77,0.9408,lic360_777965
211,othim05,7,0.7535,30.6,0.9351,lic360_777965
212,othim15,7,0.5007,33.49,0.9534,lic360_777965
213,othim04,7,0.8213,29.2,0.9286,lic360_777965
214,othim12,7,0.6398,32.5,0.9359,lic360_777965
215,othim19,7,0.7299,30.6,0.9399,lic360_777965
216,othim10,7,0.6003,33.34,0.9367,lic360_777965
217,othim18,7,0.4299,33.54,0.9584,lic360_777965
218,othim21,7,0.7363,30.44,0.9389,lic360_777965
219,othim16,7,0.4307,33.48,0.9583,lic360_777965
220,othim03,7,0.6074,32.74,0.94,lic360_777965
221,othim20,7,0.7338,30.56,0.9391,lic360_777965
222,othim17,7,0.4304,33.55,0.9583,lic360_777965
223,othim29,7,0.6583,31.0,0.9419,lic360_777965
224,othim06,7,0.7382,30.52,0.9354,lic360_777965
225,othim23,7,0.5084,32.4,0.9458,lic360_777965
226,othim07,7,0.4631,33.81,0.9558,lic360_777965
227,othim09,7,0.4683,33.75,0.9533,lic360_777965
228,othim11,7,0.6183,32.97,0.937,lic360_777965
229,othim14,7,0.4979,33.55,0.9535,lic360_777965
230,othim27,7,0.7401,30.06,0.9271,lic360_777965
231,othim30,7,0.6784,30.57,0.9412,lic360_777965
232,othim08,7,0.4511,34.26,0.9558,lic360_777965
233,othim24,7,0.5893,31.29,0.9372,lic360_777965
234,othim22,7,0.4894,32.63,0.9469,lic360_777965
235,othim26,7,0.7468,28.8,0.927,lic360_777965
236,othim25,7,0.744,28.88,0.927,lic360_777965
237,othim28,7,0.6816,30.77,0.9413,lic360_777965
238,othim13,7,0.4978,33.54,0.9534,lic360_777965
239,othim01,7,0.5982,32.82,0.9417,lic360_777965
240,othim02,8,0.6703,33.22,0.943,lic360_777965
241,othim05,8,0.8469,31.19,0.9414,lic360_777965
242,othim15,8,0.5605,33.87,0.9552,lic360_777965
243,othim04,8,0.9142,29.83,0.9362,lic360_777965
244,othim12,8,0.6844,32.91,0.938,lic360_777965
245,othim19,8,0.8096,31.22,0.9448,lic360_777965
246,othim10,8,0.6418,33.7,0.9385,lic360_777965
247,othim18,8,0.4785,34.4,0.9598,lic360_777965
248,othim21,8,0.8165,31.03,0.944,lic360_777965
249,othim16,8,0.4808,34.28,0.9599,lic360_777965
250,othim03,8,0.6734,33.21,0.9427,lic360_777965
251,othim20,8,0.8135,31.12,0.9439,lic360_777965
252,othim17,8,0.4811,34.36,0.96,lic360_777965
253,othim29,8,0.7234,31.67,0.9466,lic360_777965
254,othim06,8,0.8301,31.11,0.942,lic360_777965
255,othim23,8,0.5794,32.88,0.9489,lic360_777965
256,othim07,8,0.5221,34.27,0.9571,lic360_777965
257,othim09,8,0.5264,34.2,0.9547,lic360_777965
258,othim11,8,0.6602,33.3,0.939,lic360_777965
259,othim14,8,0.5597,33.97,0.9552,lic360_777965
260,othim27,8,0.8049,30.35,0.9302,lic360_777965
261,othim30,8,0.7413,31.22,0.9462,lic360_777965
262,othim08,8,0.5132,34.69,0.957,lic360_777965
263,othim24,8,0.6577,31.69,0.94,lic360_777965
264,othim22,8,0.5635,33.24,0.9503,lic360_777965
265,othim26,8,0.8177,29.2,0.931,lic360_777965
266,othim25,8,0.8154,29.24,0.9307,lic360_777965
267,othim28,8,0.7439,31.42,0.9463,lic360_777965
268,othim13,8,0.5595,33.97,0.9551,lic360_777965
269,othim01,8,0.6669,33.28,0.944,lic360_777965
0,othim13,0,0.0524,26.32,0.8293,lic_plus_777974
1,othim18,0,0.0431,26.57,0.8483,lic_plus_777974
2,othim28,0,0.082,23.75,0.7532,lic_plus_777974
3,othim22,0,0.0557,25.87,0.8379,lic_plus_777974
4,othim21,0,0.1059,23.49,0.7327,lic_plus_777974
5,othim29,0,0.0795,23.99,0.7615,lic_plus_777974
6,othim26,0,0.1039,22.39,0.7413,lic_plus_777974
7,othim14,0,0.0528,26.37,0.8299,lic_plus_777974
8,othim17,0,0.0431,26.56,0.8479,lic_plus_777974
9,othim07,0,0.0543,26.06,0.845,lic_plus_777974
10,othim27,0,0.0992,23.58,0.7414,lic_plus_777974
11,othim11,0,0.066,26.14,0.7576,lic_plus_777974
12,othim25,0,0.1035,22.48,0.742,lic_plus_777974
13,othim23,0,0.0604,25.66,0.8153,lic_plus_777974
14,othim04,0,0.1272,22.5,0.6962,lic_plus_777974
15,othim02,0,0.0724,25.32,0.7813,lic_plus_777974
16,othim03,0,0.0721,25.36,0.777,lic_plus_777974
17,othim12,0,0.0703,25.7,0.7489,lic_plus_777974
18,othim24,0,0.0702,24.7,0.7932,lic_plus_777974
19,othim09,0,0.0551,25.99,0.8386,lic_plus_777974
20,othim05,0,0.1106,23.67,0.7182,lic_plus_777974
21,othim06,0,0.1111,23.65,0.727,lic_plus_777974
22,othim30,0,0.0814,23.53,0.7547,lic_plus_777974
23,othim08,0,0.0528,26.52,0.8487,lic_plus_777974
24,othim01,0,0.0721,25.37,0.784,lic_plus_777974
25,othim16,0,0.0435,26.54,0.848,lic_plus_777974
26,othim19,0,0.1053,23.57,0.7354,lic_plus_777974
27,othim10,0,0.06,26.43,0.7691,lic_plus_777974
28,othim15,0,0.0534,26.37,0.8299,lic_plus_777974
29,othim20,0,0.105,23.49,0.7331,lic_plus_777974
30,othim13,1,0.0887,28.01,0.8699,lic_plus_777974
31,othim18,1,0.074,28.27,0.8845,lic_plus_777974
32,othim28,1,0.147,25.43,0.8193,lic_plus_777974
33,othim22,1,0.092,27.6,0.8755,lic_plus_777974
34,othim21,1,0.183,25.14,0.8091,lic_plus_777974
35,othim29,1,0.1429,25.75,0.8266,lic_plus_777974
36,othim26,1,0.1749,24.14,0.8085,lic_plus_777974
37,othim14,1,0.089,27.97,0.8693,lic_plus_777974
38,othim17,1,0.0745,28.19,0.8843,lic_plus_777974
39,othim07,1,0.0868,27.85,0.8822,lic_plus_777974
40,othim27,1,0.1686,25.34,0.8081,lic_plus_777974
41,othim11,1,0.123,27.85,0.8191,lic_plus_777974
42,othim25,1,0.1752,24.2,0.8091,lic_plus_777974
43,othim23,1,0.1045,27.42,0.8629,lic_plus_777974
44,othim04,1,0.2177,24.18,0.7838,lic_plus_777974
45,othim02,1,0.1235,27.24,0.836,lic_plus_777974
46,othim03,1,0.125,27.16,0.8345,lic_plus_777974
47,othim12,1,0.1306,27.4,0.8136,lic_plus_777974
48,othim24,1,0.1236,26.35,0.8443,lic_plus_777974
49,othim09,1,0.0886,27.85,0.8796,lic_plus_777974
50,othim05,1,0.1924,25.46,0.8003,lic_plus_777974
51,othim06,1,0.1887,25.38,0.8036,lic_plus_777974
52,othim30,1,0.147,25.22,0.8206,lic_plus_777974
53,othim08,1,0.0839,28.28,0.8855,lic_plus_777974
54,othim01,1,0.1228,27.22,0.8381,lic_plus_777974
55,othim16,1,0.0749,28.05,0.8838,lic_plus_777974
56,othim19,1,0.1807,25.23,0.8117,lic_plus_777974
57,othim10,1,0.1111,28.13,0.8243,lic_plus_777974
58,othim15,1,0.09,27.93,0.8695,lic_plus_777974
59,othim20,1,0.1818,25.18,0.8092,lic_plus_777974
60,othim13,2,0.1333,29.65,0.898,lic_plus_777974
61,othim18,2,0.1125,30.19,0.911,lic_plus_777974
62,othim28,2,0.2266,26.97,0.8643,lic_plus_777974
63,othim22,2,0.1362,29.26,0.902,lic_plus_777974
64,othim21,2,0.2692,26.69,0.8589,lic_plus_777974
65,othim29,2,0.2186,27.38,0.8688,lic_plus_777974
66,othim26,2,0.2554,25.67,0.8535,lic_plus_777974
67,othim14,2,0.1343,29.55,0.8978,lic_plus_777974
68,othim17,2,0.1125,30.11,0.9112,lic_plus_777974
69,othim07,2,0.1262,29.74,0.9085,lic_plus_777974
70,othim27,2,0.2473,26.82,0.8522,lic_plus_777974
71,othim11,2,0.1912,29.35,0.8617,lic_plus_777974
72,othim25,2,0.2555,25.73,0.8536,lic_plus_777974
73,othim23,2,0.1566,29.09,0.8951,lic_plus_777974
74,othim04,2,0.3187,25.73,0.8397,lic_plus_777974
75,othim02,2,0.183,28.91,0.8736,lic_plus_777974
76,othim03,2,0.1847,28.97,0.8723,lic_plus_777974
77,othim12,2,0.2034,28.94,0.858,lic_plus_777974
78,othim24,2,0.1869,28.01,0.8801,lic_plus_777974
79,othim09,2,0.1266,29.66,0.9037,lic_plus_777974
80,othim05,2,0.2824,27.03,0.8511,lic_plus_777974
81,othim06,2,0.2773,26.85,0.8532,lic_plus_777974
82,othim30,2,0.2255,26.81,0.8647,lic_plus_777974
83,othim08,2,0.1212,30.19,0.9093,lic_plus_777974
84,othim01,2,0.1822,28.98,0.8756,lic_plus_777974
85,othim16,2,0.1134,29.97,0.9107,lic_plus_777974
86,othim19,2,0.2652,26.84,0.861,lic_plus_777974
87,othim10,2,0.1748,29.79,0.8642,lic_plus_777974
88,othim15,2,0.1362,29.54,0.8979,lic_plus_777974
89,othim20,2,0.2682,26.82,0.8595,lic_plus_777974
90,othim13,3,0.1723,30.59,0.9141,lic_plus_777974
91,othim18,3,0.1446,31.14,0.9245,lic_plus_777974
92,othim28,3,0.2881,27.93,0.8871,lic_plus_777974
93,othim22,3,0.1724,30.29,0.9156,lic_plus_777974
94,othim21,3,0.3359,27.64,0.884,lic_plus_777974
95,othim29,3,0.2774,28.27,0.89,lic_plus_777974
96,othim26,3,0.3203,26.53,0.876,lic_plus_777974
97,othim14,3,0.1735,30.6,0.9143,lic_plus_777974
98,othim17,3,0.145,31.08,0.9245,lic_plus_777974
99,othim07,3,0.1578,30.63,0.9217,lic_plus_777974
100,othim27,3,0.3125,27.71,0.8752,lic_plus_777974
101,othim11,3,0.2459,30.3,0.8836,lic_plus_777974
102,othim25,3,0.3203,26.58,0.876,lic_plus_777974
103,othim23,3,0.1985,30.13,0.9113,lic_plus_777974
104,othim04,3,0.3994,26.72,0.8691,lic_plus_777974
105,othim02,3,0.2338,29.95,0.8939,lic_plus_777974
106,othim03,3,0.237,29.96,0.8929,lic_plus_777974
107,othim12,3,0.2613,29.96,0.8806,lic_plus_777974
108,othim24,3,0.2346,28.8,0.8955,lic_plus_777974
109,othim09,3,0.1613,30.58,0.9177,lic_plus_777974
110,othim05,3,0.3541,27.98,0.8779,lic_plus_777974
111,othim06,3,0.3488,27.95,0.8803,lic_plus_777974
112,othim30,3,0.2861,27.71,0.8869,lic_plus_777974
113,othim08,3,0.1527,31.02,0.9222,lic_plus_777974
114,othim01,3,0.2319,29.99,0.8962,lic_plus_777974
115,othim16,3,0.1456,30.96,0.9242,lic_plus_777974
116,othim19,3,0.3308,27.8,0.8853,lic_plus_777974
117,othim10,3,0.2294,30.83,0.8864,lic_plus_777974
118,othim15,3,0.1754,30.58,0.9139,lic_plus_777974
119,othim20,3,0.335,27.75,0.8845,lic_plus_777974
120,othim13,4,0.2305,31.7,0.9282,lic_plus_777974
121,othim18,4,0.1937,32.14,0.937,lic_plus_777974
122,othim28,4,0.3874,29.11,0.9113,lic_plus_777974
123,othim22,4,0.2275,31.37,0.9286,lic_plus_777974
124,othim21,4,0.4371,28.72,0.9079,lic_plus_777974
125,othim29,4,0.3708,29.41,0.9128,lic_plus_777974
126,othim26,4,0.413,27.44,0.8982,lic_plus_777974
127,othim14,4,0.2309,31.67,0.9277,lic_plus_777974
128,othim17,4,0.1944,32.1,0.9371,lic_plus_777974
129,othim07,4,0.2094,32.07,0.9363,lic_plus_777974
130,othim27,4,0.4037,28.61,0.8973,lic_plus_777974
131,othim11,4,0.3315,31.39,0.9066,lic_plus_777974
132,othim25,4,0.4125,27.51,0.8985,lic_plus_777974
133,othim23,4,0.2591,30.96,0.9252,lic_plus_777974
134,othim04,4,0.5101,27.63,0.8942,lic_plus_777974
135,othim02,4,0.3076,30.95,0.9121,lic_plus_777974
136,othim03,4,0.311,30.97,0.9119,lic_plus_777974
137,othim12,4,0.3517,30.96,0.9054,lic_plus_777974
138,othim24,4,0.3121,29.85,0.9146,lic_plus_777974
139,othim09,4,0.2127,31.93,0.9324,lic_plus_777974
140,othim05,4,0.4535,28.92,0.902,lic_plus_777974
141,othim06,4,0.4481,28.91,0.9042,lic_plus_777974
142,othim30,4,0.3846,28.9,0.9111,lic_plus_777974
143,othim08,4,0.2016,32.52,0.9363,lic_plus_777974
144,othim01,4,0.3047,31.06,0.9142,lic_plus_777974
145,othim16,4,0.1945,32.13,0.9371,lic_plus_777974
146,othim19,4,0.4296,28.86,0.9087,lic_plus_777974
147,othim10,4,0.3086,31.78,0.9067,lic_plus_777974
148,othim15,4,0.234,31.63,0.9279,lic_plus_777974
149,othim20,4,0.4349,28.82,0.9081,lic_plus_777974
150,othim13,5,0.2735,32.66,0.9382,lic_plus_777974
151,othim18,5,0.2282,33.12,0.9455,lic_plus_777974
152,othim28,5,0.4551,30.05,0.925,lic_plus_777974
153,othim22,5,0.267,32.26,0.9366,lic_plus_777974
154,othim21,5,0.5079,29.66,0.9222,lic_plus_777974
155,othim29,5,0.437,30.38,0.9261,lic_plus_777974
156,othim26,5,0.4831,28.25,0.911,lic_plus_777974
157,othim14,5,0.2739,32.63,0.9381,lic_plus_777974
158,othim17,5,0.2281,33.03,0.9454,lic_plus_777974
159,othim07,5,0.2429,33.0,0.944,lic_plus_777974
160,othim27,5,0.473,29.47,0.9106,lic_plus_777974
161,othim11,5,0.3903,32.27,0.92,lic_plus_777974
162,othim25,5,0.4834,28.35,0.9114,lic_plus_777974
163,othim23,5,0.3015,31.78,0.9337,lic_plus_777974
164,othim04,5,0.5952,28.57,0.9116,lic_plus_777974
165,othim02,5,0.3608,31.92,0.9238,lic_plus_777974
166,othim03,5,0.3649,31.9,0.9232,lic_plus_777974
167,othim12,5,0.4164,31.86,0.9198,lic_plus_777974
168,othim24,5,0.3678,30.7,0.9246,lic_plus_777974
169,othim09,5,0.2483,32.84,0.9402,lic_plus_777974
170,othim05,5,0.5287,29.85,0.9172,lic_plus_777974
171,othim06,5,0.5201,29.81,0.919,lic_plus_777974
172,othim30,5,0.4522,29.88,0.9249,lic_plus_777974
173,othim08,5,0.235,33.41,0.9435,lic_plus_777974
174,othim01,5,0.3562,32.0,0.9253,lic_plus_777974
175,othim16,5,0.2294,32.98,0.9451,lic_plus_777974
176,othim19,5,0.4991,29.85,0.9233,lic_plus_777974
177,othim10,5,0.3662,32.67,0.9197,lic_plus_777974
178,othim15,5,0.2761,32.62,0.9382,lic_plus_777974
179,othim20,5,0.5058,29.76,0.9224,lic_plus_777974
180,othim13,6,0.3711,34.17,0.9522,lic_plus_777974
181,othim18,6,0.3083,34.58,0.9575,lic_plus_777974
182,othim28,6,0.5954,31.5,0.9442,lic_plus_777974
183,othim22,6,0.3574,33.67,0.9481,lic_plus_777974
184,othim21,6,0.6509,31.09,0.9421,lic_plus_777974
185,othim29,6,0.5739,31.89,0.9447,lic_plus_777974
186,othim26,6,0.6305,29.54,0.9299,lic_plus_777974
187,othim14,6,0.3716,34.1,0.9522,lic_plus_777974
188,othim17,6,0.3088,34.55,0.9575,lic_plus_777974
189,othim07,6,0.3206,34.33,0.9543,lic_plus_777974
190,othim27,6,0.6186,30.72,0.9293,lic_plus_777974
191,othim11,6,0.5207,33.75,0.9397,lic_plus_777974
192,othim25,6,0.6314,29.6,0.93,lic_plus_777974
193,othim23,6,0.4024,33.3,0.9484,lic_plus_777974
194,othim04,6,0.7679,30.05,0.9353,lic_plus_777974
195,othim02,6,0.4789,33.39,0.9404,lic_plus_777974
196,othim03,6,0.4855,33.37,0.9401,lic_plus_777974
197,othim12,6,0.5458,33.3,0.9391,lic_plus_777974
198,othim24,6,0.4868,32.14,0.94,lic_plus_777974
199,othim09,6,0.3303,34.24,0.9518,lic_plus_777974
200,othim05,6,0.6799,31.33,0.9388,lic_plus_777974
201,othim06,6,0.6711,31.26,0.9402,lic_plus_777974
202,othim30,6,0.5934,31.38,0.9444,lic_plus_777974
203,othim08,6,0.313,34.77,0.954,lic_plus_777974
204,othim01,6,0.4731,33.46,0.9418,lic_plus_777974
205,othim16,6,0.311,34.51,0.9575,lic_plus_777974
206,othim19,6,0.6416,31.28,0.9429,lic_plus_777974
207,othim10,6,0.4935,34.12,0.9386,lic_plus_777974
208,othim15,6,0.3756,34.1,0.9523,lic_plus_777974
209,othim20,6,0.6485,31.22,0.9422,lic_plus_777974
