image_name,mask_type,wsmse_tag,loss_type,lambda_dist,lambda_percep,swhdc_tag,erp_padding,lambda_rate,train_psnr,train_rate_bpp,train_rate_bits,eval_psnr,eval_wsssim,eval_y_rate_bpp,eval_y_rate_bits,eval_mlp_rate_bpp,eval_mlp_rate_bits,eval_arm_rate_bpp,eval_arm_rate_bits,eval_conv_rate_bpp,eval_conv_rate_bits,eval_border_rate_bpp,eval_border_rate_bits,eval_total_rate_bpp,eval_total_rate_bits,total_steps_1,total_steps_2
othim01,erp,0,combined,0,1,1,1,0.4,28.1149254489558,0.196257740259171,102895.578125,26.9849629073159,0.87591564655304,0.196477457880974,103010.7734375,0.0179443359375,9408,0.00917434692382813,4810,0.00806236267089844,4227,0,0,0.214421793818474,112418.7734375,5000,1000
othim02,erp,0,combined,0,1,1,1,0.4,27.7534463544958,0.200481206178665,105109.890625,26.9148557576701,0.875787913799286,0.201566100120544,105678.6875,0.0179576873779297,9415,0.00809478759765625,4244,0.00929641723632813,4874,0,0,0.219523787498474,115093.6875,5000,1000
othim03,erp,0,combined,0,1,1,1,0.4,28.1046048973601,0.201258569955826,105517.453125,26.7943460672698,0.871450424194336,0.202655822038651,106250.015625,0.0165500640869141,8677,0.00683975219726563,3586,0.00911712646484375,4780,0,0,0.219205886125565,114927.015625,5000,1000
othim04,erp,0,combined,0,1,1,1,0.4,24.8062224568605,0.326803505420685,171339.15625,24.5050441141228,0.829285621643066,0.328701734542847,172334.375,0.0148563385009766,7789,0.00682258605957031,3577,0.00744247436523438,3902,0,0,0.343558073043823,180123.375,5000,1000
othim05,erp,0,combined,0,1,1,1,0.4,26.0966871754646,0.306599140167236,160746.25,24.9052893112967,0.841665387153626,0.3073670566082,161148.859375,0.0163078308105469,8550,0.00802421569824219,4207,0.00769233703613281,4033,0,0,0.323674887418747,169698.859375,5000,1000
othim06,erp,0,combined,0,1,1,1,0.4,26.0869387216253,0.299633085727692,157094.03125,26.0179485073364,0.854922473430634,0.300847232341766,157730.59375,0.0177841186523438,9324,0.00811576843261719,4255,0.00896453857421875,4700,0,0,0.31863135099411,167054.59375,5000,1000
othim07,erp,0,combined,0,1,1,1,0.4,28.6027592624921,0.143975496292114,75484.625,27.6404810356318,0.898382663726807,0.144954472780228,75997.890625,0.0162258148193359,8507,0.00789833068847656,4141,0.00774765014648438,4062,0,0,0.161180287599564,84504.890625,5000,1000
othim08,erp,0,combined,0,1,1,1,0.4,28.6980352753131,0.135016277432442,70787.4140625,28.2497929590942,0.907573640346527,0.135438710451126,71008.890625,0.0186614990234375,9784,0.00918769836425781,4817,0.00899314880371094,4715,0,0,0.154100209474564,80792.890625,5000,1000
othim09,erp,0,combined,0,1,1,1,0.4,28.7246954673325,0.142334669828415,74624.359375,26.2036734473214,0.894385695457459,0.142493695020676,74707.734375,0.0170974731445313,8964,0.00906181335449219,4751,0.00744438171386719,3903,0,0,0.159591168165207,83671.734375,5000,1000
othim10,erp,0,combined,0,1,1,1,0.4,28.8693630308224,0.19726350903511,103422.890625,27.1299371459732,0.854240894317627,0.197400510311127,103494.71875,0.0172500610351563,9044,0.0090179443359375,4728,0.00777053833007813,4074,0,0,0.214650571346283,112538.71875,5000,1000
othim11,erp,0,combined,0,1,1,1,0.4,28.7811227109348,0.21638348698616,113447.265625,26.6001378443728,0.853407800197601,0.216537266969681,113527.890625,0.0172920227050781,9066,0.00928497314453125,4868,0.00755119323730469,3959,0,0,0.233829289674759,122593.890625,5000,1000
othim12,erp,0,combined,0,1,1,1,0.4,28.2826289023986,0.234572991728783,122983.8046875,26.9552603981283,0.854400098323822,0.234792351722717,123098.8125,0.0173530578613281,9098,0.00915718078613281,4801,0.00762939453125,4000,0,0,0.252145409584045,132196.8125,5000,1000
othim13,erp,0,combined,0,1,1,1,0.4,29.1841866494769,0.149230882525444,78239.9609375,28.5091557207632,0.893169403076172,0.149706184864044,78489.15625,0.0175647735595703,9209,0.00801658630371094,4203,0.00910377502441406,4773,0,0,0.167270958423615,87698.15625,5000,1000
othim14,erp,0,combined,0,1,1,1,0.4,28.9414378613426,0.148829564452171,78029.5546875,27.4451438967896,0.879262924194336,0.14961376786232,78440.703125,0.0162105560302734,8499,0.0080413818359375,4216,0.00785255432128906,4117,0,0,0.165824323892593,86939.703125,5000,1000
othim15,erp,0,combined,0,1,1,1,0.4,28.9257165056739,0.152511447668076,79959.921875,28.2999295876816,0.89281702041626,0.15384441614151,80658.78125,0.0173740386962891,9109,0.00795936584472656,4173,0.00894737243652344,4691,0,0,0.171218454837799,89767.78125,5000,1000
othim16,erp,0,combined,0,1,1,1,0.4,29.4143846401457,0.128848075866699,67553.5,28.9213894839668,0.910952568054199,0.129804402589798,68054.890625,0.0175457000732422,9199,0.00808143615722656,4237,0.00889396667480469,4663,0,0,0.14735010266304,77253.890625,5000,1000
othim17,erp,0,combined,0,1,1,1,0.4,29.7021547448105,0.126863211393356,66512.859375,28.1223662514029,0.90762585401535,0.129118576645851,67695.3203125,0.0152435302734375,7992,0.007049560546875,3696,0.00761795043945313,3994,0,0,0.144362106919289,75687.3203125,5000,1000
othim18,erp,0,combined,0,1,1,1,0.4,29.5947371342285,0.128053098917007,67136.703125,27.9852210850818,0.905985951423645,0.130105286836624,68212.640625,0.0153293609619141,8037,0.00681114196777344,3571,0.00807762145996094,4235,0,0,0.145434647798538,76249.640625,5000,1000
othim19,erp,0,combined,0,1,1,1,0.4,26.2153745379659,0.289155036211014,151600.515625,25.5607713075249,0.857721209526062,0.289470136165619,151765.71875,0.0173492431640625,9096,0.00898361206054688,4710,0.007781982421875,4080,0,0,0.306819379329681,160861.71875,5000,1000
othim20,erp,0,combined,0,1,1,1,0.4,26.2391351805866,0.29411044716835,154198.578125,25.3763693680483,0.846540093421936,0.294443726539612,154373.3125,0.0174083709716797,9127,0.00903511047363281,4737,0.00790596008300781,4145,0,0,0.311852097511292,163500.3125,5000,1000
othim21,erp,0,combined,0,1,1,1,0.4,26.1838140798903,0.298062592744827,156270.640625,25.2447167095079,0.850852131843567,0.298677623271942,156593.09375,0.016326904296875,8560,0.00805854797363281,4225,0.00770187377929688,4038,0,0,0.315004527568817,165153.09375,5000,1000
othim22,erp,0,combined,0,1,1,1,0.4,28.0781444655685,0.142153069376946,74529.1484375,27.3876535734478,0.898740708827972,0.143743291497231,75362.8828125,0.0168628692626953,8841,0.00695228576660156,3645,0.00920486450195313,4826,0,0,0.160606160759926,84203.8828125,5000,1000
othim23,erp,0,combined,0,1,1,1,0.4,27.950031698872,0.156773656606674,82194.546875,27.1965773045194,0.889238715171814,0.157515019178391,82583.234375,0.0176277160644531,9242,0.00795364379882813,4170,0.00898361206054688,4710,0,0,0.175142735242844,91825.234375,5000,1000
othim24,erp,0,combined,0,1,1,1,0.4,26.8121217386239,0.184810057282448,96893.6953125,26.0237514946643,0.871167421340942,0.185559257864952,97286.4921875,0.0177345275878906,9298,0.00800132751464844,4195,0.00890350341796875,4668,0,0,0.203293785452843,106584.4921875,5000,1000
othim25,erp,0,combined,0,1,1,1,0.4,24.5942995244437,0.25801494717598,135274.140625,23.9218786483162,0.834184408187866,0.258282005786896,135414.15625,0.0176620483398438,9260,0.00910568237304688,4774,0.00797843933105469,4183,0,0,0.27594405412674,144674.15625,5000,1000
othim26,erp,0,combined,0,1,1,1,0.4,24.6554498208045,0.264301478862762,138570.09375,24.5063632465374,0.845150411128998,0.266554027795792,139751.078125,0.0169105529785156,8866,0.00718116760253906,3765,0.00913810729980469,4791,0,0,0.283464580774307,148617.078125,5000,1000
othim27,erp,0,combined,0,1,1,1,0.4,25.7236409600526,0.248074352741241,130062.40625,25.2879567010174,0.839720904827118,0.248274654150009,130167.421875,0.0189361572265625,9928,0.00918388366699219,4815,0.00928688049316406,4869,0,0,0.267210811376572,140095.421875,5000,1000
othim28,erp,0,combined,0,1,1,1,0.4,26.5585682544021,0.248488634824753,130279.609375,25.8623950937252,0.860412299633026,0.248717203736305,130399.4453125,0.0188255310058594,9870,0.00910377502441406,4773,0.00928115844726563,4866,0,0,0.267542734742165,140269.4453125,5000,1000
othim29,erp,0,combined,0,1,1,1,0.4,26.8001420635034,0.236124604940414,123797.296875,26.4551643026761,0.866601586341858,0.236959904432297,124235.234375,0.0166454315185547,8727,0.00715065002441406,3749,0.00904083251953125,4740,0,0,0.253605335950851,132962.234375,5000,1000
othim30,erp,0,combined,0,1,1,1,0.4,26.155060672293,0.242253124713898,127010.40625,25.0608699749044,0.848316669464111,0.242690816521645,127239.8828125,0.01605224609375,8416,0.00784873962402344,4115,0.00786399841308594,4123,0,0,0.258743062615395,135655.8828125,5000,1000
othim01,erp,0,combined,0,1,1,1,0.8,26.2666715396904,0.109719708561897,57524.7265625,25.7250052292698,0.821061491966248,0.109841957688332,57588.8203125,0.0186805725097656,9794,0.00913047790527344,4787,0.00909805297851563,4770,0,0,0.128522530198097,67382.8203125,5000,1000
othim02,erp,0,combined,0,1,1,1,0.8,25.9905738361731,0.10732713341713,56270.328125,25.0844903695715,0.8082315325737,0.107668571174145,56449.33984375,0.0171775817871094,9006,0.00892448425292969,4679,0.00778579711914063,4082,0,0,0.124846152961254,65455.33984375,5000,1000
othim03,erp,0,combined,0,1,1,1,0.8,26.2898475139987,0.111807763576508,58619.46875,26.1261085646536,0.823983192443848,0.112744301557541,59110.484375,0.0175228118896484,9187,0.00795936584472656,4173,0.00897216796875,4704,0,0,0.130267113447189,68297.484375,5000,1000
othim04,erp,0,combined,0,1,1,1,0.8,22.9473186396065,0.193199932575226,101292.40625,22.7416869051034,0.762914538383484,0.193549513816834,101475.6875,0.0178260803222656,9346,0.00816726684570313,4282,0.00904464721679688,4742,0,0,0.211375594139099,110821.6875,5000,1000
othim05,erp,0,combined,0,1,1,1,0.8,24.2944143457214,0.17662239074707,92601,23.8797049344453,0.759057998657227,0.176822006702423,92705.65625,0.0185184478759766,9709,0.0102272033691406,5362,0.00783348083496094,4107,0,0,0.1953404545784,102414.65625,5000,1000
othim06,erp,0,combined,0,1,1,1,0.8,24.1314070119622,0.167747616767883,87948.0625,23.4967384374929,0.779700934886932,0.168278411030769,88226.3515625,0.0164508819580078,8625,0.00806427001953125,4228,0.00791168212890625,4148,0,0,0.184729292988777,96851.3515625,5000,1000
othim07,erp,0,combined,0,1,1,1,0.8,26.5642821499283,0.0830321237444878,43532.74609375,25.208951654409,0.865863084793091,0.0841120108962059,44098.91796875,0.0152015686035156,7970,0.00680923461914063,3570,0.00777626037597656,4077,0,0,0.0993135794997215,52068.91796875,5000,1000
othim08,erp,0,combined,0,1,1,1,0.8,27.5941757084046,0.0798757150769234,41877.87890625,25.7719614036727,0.849238574504852,0.0806841477751732,42301.73046875,0.0160293579101563,8404,0.00789833068847656,4141,0.00775909423828125,4068,0,0,0.0967135056853294,50705.73046875,5000,1000
othim09,erp,0,combined,0,1,1,1,0.8,27.1850755671011,0.0855382010340691,44846.65234375,26.0527159716688,0.864338278770447,0.085835725069046,45002.640625,0.0171642303466797,8999,0.00905609130859375,4748,0.00749397277832031,3929,0,0,0.102999955415726,54001.640625,5000,1000
othim10,erp,0,combined,0,1,1,1,0.8,27.085246870302,0.103997752070427,54524.7734375,26.6721179718934,0.81865668296814,0.104488477110863,54782.0546875,0.0175056457519531,9178,0.00807762145996094,4235,0.00884437561035156,4637,0,0,0.121994122862816,63960.0546875,5000,1000
othim11,erp,0,combined,0,1,1,1,0.8,26.6761812946484,0.111345559358597,58377.140625,25.4375777100964,0.80052661895752,0.112305670976639,58880.515625,0.0164337158203125,8616,0.00805473327636719,4223,0.00789070129394531,4137,0,0,0.128739386796951,67496.515625,5000,1000
othim12,erp,0,combined,0,1,1,1,0.8,26.3621673439624,0.12303438782692,64505.453125,25.1046887250373,0.791842103004456,0.123642303049564,64824.17578125,0.0163116455078125,8552,0.00784111022949219,4111,0.00798225402832031,4185,0,0,0.139953948557377,73376.17578125,5000,1000
othim13,erp,0,combined,0,1,1,1,0.8,27.1911351538574,0.0793954655528069,41626.08984375,26.728425483545,0.853573322296143,0.0812865346670151,42617.5546875,0.0166778564453125,8744,0.00716018676757813,3754,0.00901603698730469,4727,0,0,0.0979643911123276,51361.5546875,5000,1000
othim14,erp,0,combined,0,1,1,1,0.8,26.6975335787943,0.0797487199306488,41811.296875,24.7694880101642,0.824628949165344,0.0814265161752701,42690.9453125,0.0140132904052734,7347,0.00684165954589844,3587,0.00671005249023438,3518,0,0,0.0954398065805435,50037.9453125,5000,1000
othim15,erp,0,combined,0,1,1,1,0.8,27.3229240836394,0.0813224464654923,42636.3828125,26.0381303753503,0.849980056285858,0.0821103453636169,43049.46875,0.0163593292236328,8577,0.00789260864257813,4138,0.00786781311035156,4125,0,0,0.0984696745872498,51626.46875,5000,1000
othim16,erp,0,combined,0,1,1,1,0.8,27.4750756682242,0.0725247114896774,38023.8359375,26.8471268669855,0.876872062683106,0.0734740495681763,38521.5625,0.0165824890136719,8694,0.00803947448730469,4215,0.00796699523925781,4177,0,0,0.0900565385818481,47215.5625,5000,1000
othim17,erp,0,combined,0,1,1,1,0.8,27.4665130644471,0.0721901431679726,37848.42578125,25.5486711656825,0.863717555999756,0.0729767680168152,38260.84375,0.0151691436767578,7953,0.00799751281738281,4193,0.00670623779296875,3516,0,0,0.088145911693573,46213.84375,5000,1000
othim18,erp,0,combined,0,1,1,1,0.8,27.8588027991978,0.0712799951434135,37371.24609375,25.7067088357549,0.859238803386688,0.072291374206543,37901.5,0.0160884857177734,8435,0.00801849365234375,4204,0.00760459899902344,3987,0,0,0.0883798599243164,46336.5,5000,1000
othim19,erp,0,combined,0,1,1,1,0.8,24.3114883691722,0.166017383337021,87040.921875,23.1386502126367,0.770767331123352,0.166414052248001,87248.890625,0.0166263580322266,8717,0.00929069519042969,4871,0.00685310363769531,3593,0,0,0.183040410280228,95965.890625,5000,1000
othim20,erp,0,combined,0,1,1,1,0.8,24.3758735192843,0.17139445245266,89860.0546875,23.2115962825533,0.781353831291199,0.171751111745834,90047.046875,0.0164546966552734,8627,0.00815773010253906,4277,0.00782012939453125,4100,0,0,0.188205808401108,98674.046875,5000,1000
othim21,erp,0,combined,0,1,1,1,0.8,24.1529499488264,0.167041748762131,87577.984375,23.6140367128382,0.784318864345551,0.167944371700287,88051.21875,0.0149440765380859,7835,0.00677108764648438,3550,0.00769424438476563,4034,0,0,0.182888448238373,95886.21875,5000,1000
othim22,erp,0,combined,0,1,1,1,0.8,25.3695937287063,0.0825081393122673,43258.02734375,23.805999687068,0.851957499980927,0.0830154269933701,43523.9921875,0.0168170928955078,8817,0.00804901123046875,4220,0.00806427001953125,4228,0,0,0.0998325198888779,52340.9921875,5000,1000
othim23,erp,0,combined,0,1,1,1,0.8,26.0555669043341,0.0951934009790421,49908.7578125,25.7768821255258,0.858859419822693,0.0958267524838448,50240.81640625,0.0180568695068359,9467,0.00783157348632813,4106,0.00948333740234375,4972,0,0,0.113883621990681,59707.81640625,5000,1000
othim24,erp,0,combined,0,1,1,1,0.8,24.9134158325956,0.102887913584709,53942.8984375,24.1057806613509,0.823673009872437,0.103199556469917,54106.2890625,0.0165691375732422,8687,0.00810813903808594,4251,0.00786018371582031,4121,0,0,0.119768694043159,62793.2890625,5000,1000
othim25,erp,0,combined,0,1,1,1,0.8,22.734372551597,0.146437540650368,76775.4453125,21.0423453957728,0.742666602134705,0.147297397255898,77226.2578125,0.0139083862304688,7292,0.00704193115234375,3692,0.00638961791992188,3350,0,0,0.161205783486366,84518.2578125,5000,1000
othim26,erp,0,combined,0,1,1,1,0.8,22.9538564021171,0.149188280105591,78217.625,22.2995692821613,0.775972783565521,0.149445623159409,78352.546875,0.0169010162353516,8861,0.00824165344238281,4321,0.00803184509277344,4211,0,0,0.16634663939476,87213.546875,5000,1000
othim27,erp,0,combined,0,1,1,1,0.8,23.9212823915882,0.14031146466732,73563.6171875,23.0203021778846,0.770168483257294,0.140740990638733,73788.8125,0.0163326263427734,8563,0.00791549682617188,4150,0.00781059265136719,4095,0,0,0.157073616981506,82351.8125,5000,1000
othim28,erp,0,combined,0,1,1,1,0.8,24.5557953603568,0.132750570774078,69599.53125,23.8112859716752,0.796433091163635,0.13391038775444,70207.609375,0.0166912078857422,8751,0.0079803466796875,4184,0.00822639465332031,4313,0,0,0.150601595640183,78958.609375,5000,1000
othim29,erp,0,combined,0,1,1,1,0.8,24.8809755933071,0.124312363564968,65175.48046875,24.1204552204703,0.797654628753662,0.1259545981884,66036.484375,0.0153388977050781,8042,0.00700569152832031,3673,0.00786018371582031,4121,0,0,0.141293495893478,74078.484375,5000,1000
othim30,erp,0,combined,0,1,1,1,0.8,24.3294211211272,0.132021754980087,69217.421875,23.9949143602854,0.801569163799286,0.133120447397232,69793.453125,0.01654052734375,8672,0.00690650939941406,3621,0.0091400146484375,4792,0,0,0.149660974740982,78465.453125,5000,1000

othim01,erp,0,combined,0,1,1,1,0.05,34.1969677417207,0.784423768520355,411263.96875,33.0165898269358,0.961480259895325,0.784614264965057,411363.84375,0.0200309753417969,10502,0.0100784301757813,5284,0.00925636291503906,4853,0,0,0.804645240306854,421865.84375,5000,1000
othim02,erp,0,combined,0,1,1,1,0.05,34.3238319392808,0.803580522537231,421307.625,33.8565412374574,0.963024973869324,0.804481148719788,421779.8125,0.0199375152587891,10453,0.00904273986816406,4741,0.0101947784423828,5345,0,0,0.824418663978577,432232.8125,5000,1000
othim03,erp,0,combined,0,1,1,1,0.05,34.5223824928373,0.813477575778961,426496.53125,34.3221508286723,0.963162779808044,0.81379771232605,426664.375,0.0209617614746094,10990,0.00891304016113281,4673,0.0112380981445313,5892,0,0,0.834759473800659,437654.375,5000,1000
othim04,erp,0,combined,0,1,1,1,0.05,31.2200409928041,1.26891112327576,665274.875,30.9278320276519,0.969284772872925,1.26935458183289,665507.375,0.0195941925048828,10273,0.00884819030761719,4639,0.0100536346435547,5271,0,0,1.28894877433777,675780.375,5000,1000
othim05,erp,0,combined,0,1,1,1,0.05,32.8234884963427,1.15043497085571,603159.25,32.6444327086901,0.970709919929504,1.15079736709595,603349.25,0.0213909149169922,11215,0.00996208190917969,5223,0.0107421875,5632,0,0,1.17218828201294,614564.25,5000,1000
othim06,erp,0,combined,0,1,1,1,0.05,32.8476788894493,1.13318383693695,594114.6875,32.6600559974855,0.971529364585877,1.13361620903015,594341.375,0.0193576812744141,10149,0.00887489318847656,4653,0.00980567932128906,5141,0,0,1.15297389030457,604490.375,5000,1000
othim07,erp,0,combined,0,1,1,1,0.05,34.6634511677444,0.548887729644775,287775.25,34.0263853997204,0.967540144920349,0.54958438873291,288140.5,0.0181217193603516,9501,0.00876235961914063,4594,0.00865936279296875,4540,0,0,0.567706108093262,297641.5,5000,1000
othim08,erp,0,combined,0,1,1,1,0.05,34.8479974188021,0.541789650917053,284053.8125,34.5857188016192,0.968099057674408,0.542583882808685,284470.21875,0.0205669403076172,10783,0.0086517333984375,4536,0.01123046875,5888,0,0,0.563150823116303,295253.21875,5000,1000
othim09,erp,0,combined,0,1,1,1,0.05,34.8994165939093,0.576271176338196,302132.0625,33.8223048243335,0.966515243053436,0.577690839767456,302876.375,0.0184497833251953,9673,0.00786781311035156,4125,0.00975608825683594,5115,0,0,0.596140623092651,312549.375,5000,1000
othim10,erp,0,combined,0,1,1,1,0.05,35.2891216317456,0.896366000175476,469953.9375,34.6262837996469,0.968793034553528,0.897136688232422,470358,0.019439697265625,10192,0.00881385803222656,4621,0.0100326538085938,5260,0,0,0.916576385498047,480550,5000,1000
othim11,erp,0,combined,0,1,1,1,0.05,35.04136786996,0.936400175094605,490943.375,34.5198456613287,0.970819234848023,0.938224673271179,491899.9375,0.0185432434082031,9722,0.00787734985351563,4130,0.0098419189453125,5160,0,0,0.956767916679382,501621.9375,5000,1000
othim12,erp,0,combined,0,1,1,1,0.05,34.7456392080606,0.963284492492676,505038.5,34.3442735210633,0.970861792564392,0.96485435962677,505861.5625,0.0183372497558594,9614,0.00788116455078125,4132,0.00962638854980469,5047,0,0,0.983191609382629,515475.5625,5000,1000
othim13,erp,0,combined,0,1,1,1,0.05,35.1784393499197,0.663594603538513,347914.6875,34.8092390533951,0.972207069396973,0.664115071296692,348187.5625,0.0199394226074219,10454,0.00909614562988281,4769,0.0101337432861328,5313,0,0,0.684054493904114,358641.5625,5000,1000
othim14,erp,0,combined,0,1,1,1,0.05,35.8856528439088,0.662379860877991,347277.8125,35.4243127195301,0.971558451652527,0.662929773330689,347566.125,0.0194034576416016,10173,0.00895118713378906,4693,0.0098724365234375,5176,0,0,0.68233323097229,357739.125,5000,1000
othim15,erp,0,combined,0,1,1,1,0.05,35.8068873797203,0.666417837142944,349394.875,34.8264175646851,0.971951723098755,0.667071759700775,349737.71875,0.0185604095458984,9731,0.00889015197753906,4661,0.00897216796875,4704,0,0,0.685632169246674,359468.71875,5000,1000
othim16,erp,0,combined,0,1,1,1,0.05,36.0357834441653,0.581665515899658,304960.25,35.2856542078332,0.975402474403381,0.582177400588989,305228.625,0.01947021484375,10208,0.00891304016113281,4673,0.00988388061523438,5182,0,0,0.601647615432739,315436.625,5000,1000
othim17,erp,0,combined,0,1,1,1,0.05,36.4658535378854,0.566532135009766,297026,36.0162288110376,0.976508796215057,0.567522048950195,297545,0.0191917419433594,10062,0.00892448425292969,4679,0.00969123840332031,5081,0,0,0.586713790893555,307607,5000,1000
othim18,erp,0,combined,0,1,1,1,0.05,36.6041066585228,0.572317123413086,300059,35.4250538860276,0.975539684295654,0.572946548461914,300389,0.0182151794433594,9550,0.00899505615234375,4716,0.0085296630859375,4472,0,0,0.591161727905273,309939,5000,1000
othim19,erp,0,combined,0,1,1,1,0.05,32.9335167642879,1.06707370281219,559453.9375,32.1074773639249,0.970820188522339,1.06757390499115,559716.1875,0.018402099609375,9648,0.00891876220703125,4676,0.00893783569335938,4686,0,0,1.08597600460053,569364.1875,5000,1000
othim20,erp,0,combined,0,1,1,1,0.05,32.823911728244,1.08576536178589,569253.75,32.5390786963236,0.971909523010254,1.08660984039307,569696.5,0.0196704864501953,10313,0.00888252258300781,4657,0.0101280212402344,5310,0,0,1.10628032684326,580009.5,5000,1000
othim21,erp,0,combined,0,1,1,1,0.05,32.8229866444481,1.09382390975952,573478.75,32.2971321242762,0.970158338546753,1.09531199932098,574258.9375,0.0172367095947266,9037,0.00788116455078125,4132,0.00881576538085938,4622,0,0,1.11254870891571,583295.9375,5000,1000
othim22,erp,0,combined,0,1,1,1,0.05,34.2504543185359,0.64473968744278,338029.28125,33.531219075323,0.966197848320007,0.645806789398193,338588.75,0.0197963714599609,10379,0.00889015197753906,4661,0.0103321075439453,5417,0,0,0.665603160858154,348967.75,5000,1000
othim23,erp,0,combined,0,1,1,1,0.05,33.8395515082092,0.717798709869385,376333.25,32.8257467460274,0.968623578548431,0.719364821910858,377154.34375,0.0175704956054688,9212,0.00792694091796875,4156,0.0089263916015625,4680,0,0,0.736935317516327,386366.34375,5000,1000
othim24,erp,0,combined,0,1,1,1,0.05,33.2830277326741,0.825363457202911,432728.15625,33.1267817238147,0.964570999145508,0.825854182243347,432985.4375,0.0208091735839844,10910,0.00891494750976563,4674,0.0112056732177734,5875,0,0,0.846663355827332,443895.4375,5000,1000
othim25,erp,0,combined,0,1,1,1,0.05,31.2013998504248,1.02558779716492,537703.375,30.9763997273862,0.956069946289063,1.02690124511719,538392,0.0194034576416016,10173,0.00897216796875,4704,0.0098724365234375,5176,0,0,1.04630470275879,548565,5000,1000
othim26,erp,0,combined,0,1,1,1,0.05,31.0295273736528,1.04146230220795,546026.1875,30.7930986523871,0.9553582072258,1.04354214668274,547116.625,0.0184249877929688,9660,0.00783729553222656,4109,0.00991439819335938,5198,0,0,1.06196713447571,556776.625,5000,1000
othim27,erp,0,combined,0,1,1,1,0.05,32.0625918997726,1.04154920578003,546071.75,31.9856681141832,0.955229699611664,1.04219722747803,546411.5,0.0199375152587891,10453,0.009002685546875,4720,0.0101318359375,5312,0,0,1.06213474273682,556864.5,5000,1000
othim28,erp,0,combined,0,1,1,1,0.05,33.8142123452192,1.03588604927063,543102.625,33.319227952494,0.974215030670166,1.03781235218048,544112.5625,0.0173816680908203,9113,0.00788688659667969,4135,0.00895881652832031,4697,0,0,1.0551940202713,553225.5625,5000,1000
othim29,erp,0,combined,0,1,1,1,0.05,33.7747052483049,0.991563558578491,519864.875,33.2000506482263,0.974035263061523,0.992005228996277,520096.4375,0.0196514129638672,10303,0.00903511047363281,4737,0.00979232788085938,5134,0,0,1.01165664196014,530399.4375,5000,1000
othim30,erp,0,combined,0,1,1,1,0.05,33.5733438054267,1.0274510383606,538680.25,33.0947520656136,0.974703967571259,1.02947914600372,539743.5625,0.0183944702148438,9644,0.0078582763671875,4120,0.0098419189453125,5160,0,0,1.04787361621857,549387.5625,5000,1000
othim01,erp,0,combined,0,1,1,1,0.1,31.9848168180805,0.516307234764099,270693.6875,31.3331624167408,0.943541705608368,0.516718924045563,270909.53125,0.0186614990234375,9784,0.00902557373046875,4732,0.00893974304199219,4687,0,0,0.535380423069,280693.53125,5000,1000
othim02,erp,0,combined,0,1,1,1,0.1,32.3119995588649,0.530723452568054,278251.9375,31.8161209457745,0.944289207458496,0.531639695167542,278732.3125,0.0188446044921875,9880,0.009124755859375,4784,0.00902748107910156,4733,0,0,0.550484299659729,288612.3125,5000,1000
othim03,erp,0,combined,0,1,1,1,0.1,32.0428119335557,0.538489401340485,282323.53125,31.0652902425681,0.94276225566864,0.540343403816223,283295.5625,0.0174980163574219,9174,0.00791740417480469,4151,0.00902366638183594,4731,0,0,0.557841420173645,292469.5625,5000,1000
othim04,erp,0,combined,0,1,1,1,0.1,29.5449999049757,0.884622097015381,463796.75,29.2682334000077,0.947218179702759,0.885195732116699,464097.5,0.0183506011962891,9621,0.00870704650878906,4565,0.00898170471191406,4709,0,0,0.903546333312988,473718.5,5000,1000
othim05,erp,0,combined,0,1,1,1,0.1,30.436895764796,0.799911797046661,419384.15625,30.2156521670533,0.948357462882996,0.800524890422821,419705.59375,0.0195960998535156,10274,0.00902366638183594,4731,0.00990104675292969,5191,0,0,0.820120990276337,429979.59375,5000,1000
othim06,erp,0,combined,0,1,1,1,0.1,30.6066670840584,0.786842107772827,412531.875,29.9013366893365,0.940132856369019,0.787413418292999,412831.40625,0.0179500579833984,9411,0.00896453857421875,4700,0.00843238830566406,4421,0,0,0.805363476276398,422242.40625,5000,1000
othim07,erp,0,combined,0,1,1,1,0.1,32.8923815774426,0.36882671713829,193371.421875,32.04023482703,0.950721025466919,0.36993670463562,193953.375,0.0168895721435547,8855,0.00778388977050781,4081,0.00854110717773438,4478,0,0,0.386826276779175,202808.375,5000,1000
othim08,erp,0,combined,0,1,1,1,0.1,33.0519366585491,0.358117282390595,187756.59375,32.7654966692579,0.955203890800476,0.358843266963959,188137.21875,0.0196075439453125,10280,0.00884437561035156,4637,0.01007080078125,5280,0,0,0.378450810909271,198417.21875,5000,1000
othim09,erp,0,combined,0,1,1,1,0.1,33.3371785512803,0.386332750320435,202549.625,32.9864023554452,0.954667806625366,0.387058407068253,202930.078125,0.0197067260742188,10332,0.00919342041015625,4820,0.00980949401855469,5143,0,0,0.406765133142471,213262.078125,5000,1000
othim10,erp,0,combined,0,1,1,1,0.1,32.9862324083284,0.59971559047699,314423.6875,32.462901254625,0.946450471878052,0.600035846233368,314591.59375,0.01983642578125,10400,0.00899314880371094,4715,0.0102767944335938,5388,0,0,0.619872272014618,324991.59375,5000,1000
othim11,erp,0,combined,0,1,1,1,0.1,33.009435198464,0.640971541404724,336053.6875,32.1552308595033,0.948360443115234,0.642285466194153,336742.5625,0.0181522369384766,9517,0.00891494750976563,4674,0.00866889953613281,4545,0,0,0.660437703132629,346259.5625,5000,1000
othim12,erp,0,combined,0,1,1,1,0.1,32.7069548479224,0.657166242599487,344544.375,32.0474542061967,0.949717700481415,0.65756893157959,344755.5,0.019256591796875,10096,0.00884628295898438,4638,0.00996208190917969,5223,0,0,0.676825523376465,354851.5,5000,1000
othim13,erp,0,combined,0,1,1,1,0.1,33.4828315567158,0.423790514469147,222188.28125,32.6762932327125,0.954452216625214,0.424669086933136,222648.90625,0.0172920227050781,9066,0.00792503356933594,4155,0.0088043212890625,4616,0,0,0.441961109638214,231714.90625,5000,1000
othim14,erp,0,combined,0,1,1,1,0.1,33.5585752732209,0.424846976995468,222742.171875,32.2470770939023,0.952943205833435,0.425560295581818,223116.15625,0.0184841156005859,9691,0.00898170471191406,4709,0.00880813598632813,4618,0,0,0.444044411182404,232807.15625,5000,1000
othim15,erp,0,combined,0,1,1,1,0.1,33.3745521402071,0.425946235656738,223318.5,32.4629049238849,0.954076230525971,0.427113384008408,223930.421875,0.0172710418701172,9055,0.00782966613769531,4105,0.0088653564453125,4648,0,0,0.444384425878525,232985.421875,5000,1000
othim16,erp,0,combined,0,1,1,1,0.1,34.1496633599189,0.384496748447418,201587.03125,33.3576106190336,0.960967063903809,0.384903728961945,201800.40625,0.0181999206542969,9542,0.00900459289550781,4721,0.00862884521484375,4524,0,0,0.403103649616241,211342.40625,5000,1000
othim17,erp,0,combined,0,1,1,1,0.1,34.3287589189959,0.383339464664459,200980.28125,33.034449151585,0.962447047233582,0.383661448955536,201149.09375,0.0182151794433594,9550,0.00907325744628906,4757,0.00858306884765625,4500,0,0,0.401876628398895,210699.09375,5000,1000
othim18,erp,0,combined,0,1,1,1,0.1,34.1434609612393,0.378711104393005,198553.6875,33.4030796865899,0.962821006774902,0.379295229911804,198859.9375,0.0185050964355469,9702,0.00906562805175781,4753,0.00876426696777344,4595,0,0,0.397800326347351,208561.9375,5000,1000
othim19,erp,0,combined,0,1,1,1,0.1,30.6872879057574,0.743647158145905,389885.28125,29.967110262297,0.950146555900574,0.743906676769257,390021.34375,0.0178546905517578,9361,0.00884628295898438,4638,0.00858497619628906,4501,0,0,0.761761367321014,399382.34375,5000,1000
othim20,erp,0,combined,0,1,1,1,0.1,30.7307999077135,0.755154252052307,395918.3125,30.2859268505043,0.951087355613709,0.756384611129761,396563.375,0.0174293518066406,9138,0.0079193115234375,4152,0.00896453857421875,4700,0,0,0.773813962936401,405701.375,5000,1000
othim21,erp,0,combined,0,1,1,1,0.1,30.559075937512,0.760422110557556,398680.1875,30.1332163595168,0.951237142086029,0.76072371006012,398838.3125,0.0186290740966797,9767,0.0088958740234375,4664,0.00919532775878906,4821,0,0,0.779352784156799,408605.3125,5000,1000
othim22,erp,0,combined,0,1,1,1,0.1,32.3034424659835,0.410527586936951,215234.6875,31.0305105778696,0.949885308742523,0.411253750324249,215615.40625,0.0184326171875,9664,0.00898933410644531,4713,0.00873947143554688,4582,0,0,0.429686367511749,225279.40625,5000,1000
othim23,erp,0,combined,0,1,1,1,0.1,32.3973084454933,0.48012775182724,251725.21875,31.841851483645,0.955680549144745,0.480429202318192,251883.265625,0.0200672149658203,10521,0.00898551940917969,4711,0.0103569030761719,5430,0,0,0.500496417284012,262404.265625,5000,1000
othim24,erp,0,combined,0,1,1,1,0.1,31.4189014156494,0.556678175926209,291859.6875,31.0150355929093,0.948883712291718,0.556858420372009,291954.1875,0.0208244323730469,10918,0.0100040435791016,5245,0.0101261138916016,5309,0,0,0.577682852745056,302872.1875,5000,1000
othim25,erp,0,combined,0,1,1,1,0.1,29.0644159743649,0.703165650367737,368661.3125,28.6459713092731,0.932935118675232,0.703735291957855,368959.96875,0.0182132720947266,9549,0.00887298583984375,4652,0.00864601135253906,4533,0,0,0.721948564052582,378508.96875,5000,1000
othim26,erp,0,combined,0,1,1,1,0.1,28.9154018880662,0.699339151382446,366655.125,28.3274682272945,0.93130099773407,0.699909210205078,366954,0.0187110900878906,9810,0.00885009765625,4640,0.0091552734375,4800,0,0,0.718620300292969,376764,5000,1000
othim27,erp,0,combined,0,1,1,1,0.1,30.0007232065008,0.679696917533875,356356.9375,29.675288414115,0.929439663887024,0.680072247982025,356553.71875,0.0195236206054688,10236,0.0090484619140625,4744,0.010040283203125,5264,0,0,0.699595868587494,366789.71875,5000,1000
othim28,erp,0,combined,0,1,1,1,0.1,31.5608035413186,0.708370983600617,371390.40625,30.6756472373624,0.953318774700165,0.708503067493439,371459.65625,0.0195121765136719,10230,0.0100898742675781,5290,0.00888633728027344,4659,0,0,0.728015244007111,381689.65625,5000,1000
othim29,erp,0,combined,0,1,1,1,0.1,31.7144980510399,0.678265690803528,355606.5625,31.3003918122542,0.954885363578796,0.678475916385651,355716.78125,0.0196933746337891,10325,0.00892066955566406,4677,0.0100860595703125,5288,0,0,0.69816929101944,366041.78125,5000,1000
othim30,erp,0,combined,0,1,1,1,0.1,31.0609073113998,0.700220942497253,367117.4375,30.6816683693687,0.954464912414551,0.701109409332275,367583.25,0.0194721221923828,10209,0.00890731811523438,4670,0.0100173950195313,5252,0,0,0.720581531524658,377792.25,5000,1000
othim01,erp,0,combined,0,1,1,1,0.2,29.9906053959286,0.339510262012482,178001.15625,29.4962524477136,0.916123509407044,0.339703649282455,178102.546875,0.0189552307128906,9938,0.00907135009765625,4756,0.00920295715332031,4825,0,0,0.358658879995346,188040.546875,5000,1000
othim02,erp,0,combined,0,1,1,1,0.2,30.1544839220143,0.340312570333481,178421.796875,29.7989674073437,0.918914496898651,0.341198056936264,178886.046875,0.0187320709228516,9821,0.0091552734375,4800,0.00889396667480469,4663,0,0,0.359930127859116,188707.046875,5000,1000
othim03,erp,0,combined,0,1,1,1,0.2,30.0679931929732,0.345142185688019,180953.90625,28.7638574041079,0.912362098693848,0.346584379673004,181710.03125,0.0173854827880859,9115,0.00788307189941406,4133,0.0090789794921875,4760,0,0,0.36396986246109,190825.03125,5000,1000
othim04,erp,0,combined,0,1,1,1,0.2,27.0923901333055,0.563767194747925,295576.375,26.7191884380867,0.902765691280365,0.565299868583679,296379.9375,0.0166854858398438,8748,0.00768280029296875,4028,0.008453369140625,4432,0,0,0.581985354423523,305127.9375,5000,1000
othim05,erp,0,combined,0,1,1,1,0.2,28.3260460987576,0.509208559989929,266971.9375,28.0559167188738,0.908202886581421,0.511981129646301,268425.5625,0.0164833068847656,8642,0.00682830810546875,3580,0.00897789001464844,4707,0,0,0.528464436531067,277067.5625,5000,1000
othim06,erp,0,combined,0,1,1,1,0.2,28.4204169811918,0.499457955360413,261859.8125,27.8287386448696,0.909866034984589,0.500316679477692,262310.03125,0.0174388885498047,9143,0.00799179077148438,4190,0.00913619995117188,4790,0,0,0.517755568027496,271453.03125,5000,1000
othim07,erp,0,combined,0,1,1,1,0.2,30.7628409527787,0.235702261328697,123575.8671875,30.0650797747808,0.931773841381073,0.235931903123856,123696.265625,0.0182342529296875,9560,0.00886344909667969,4647,0.0089263916015625,4680,0,0,0.254166156053543,133256.265625,5000,1000
othim08,erp,0,combined,0,1,1,1,0.2,30.8452567469584,0.222658723592758,116737.296875,30.2815313015014,0.9330033659935,0.223069220781326,116952.515625,0.0188388824462891,9877,0.009063720703125,4752,0.00906944274902344,4755,0,0,0.241908103227615,126829.515625,5000,1000
othim09,erp,0,combined,0,1,1,1,0.2,31.2466467693424,0.244402781128883,128137.4453125,30.4018744493753,0.934253931045532,0.244820445775986,128356.421875,0.0183620452880859,9627,0.00907516479492188,4758,0.00871849060058594,4571,0,0,0.263182491064072,137983.421875,5000,1000
othim10,erp,0,combined,0,1,1,1,0.2,31.40444366266,0.372576832771301,195337.5625,30.1229943460969,0.917889475822449,0.373630076646805,195889.765625,0.0176181793212891,9237,0.00806045532226563,4226,0.00887489318847656,4653,0,0,0.391248255968094,205126.765625,5000,1000
othim11,erp,0,combined,0,1,1,1,0.2,31.014337752668,0.406595945358276,213173.375,29.67262511243,0.916447043418884,0.407888680696487,213851.140625,0.0175895690917969,9222,0.00807571411132813,4234,0.00893592834472656,4685,0,0,0.425478249788284,223073.140625,5000,1000
othim12,erp,0,combined,0,1,1,1,0.2,30.5587685785487,0.418698966503143,219518.84375,29.8273157773853,0.917120158672333,0.419902503490448,220149.84375,0.0176639556884766,9261,0.00816535949707031,4281,0.00893020629882813,4682,0,0,0.437566459178925,229410.84375,5000,1000
othim13,erp,0,combined,0,1,1,1,0.2,31.2780949186536,0.270177751779556,141650.953125,30.7013857838237,0.933621823787689,0.270655035972595,141901.1875,0.0178565979003906,9362,0.00793266296386719,4159,0.00934791564941406,4901,0,0,0.288511633872986,151263.1875,5000,1000
othim14,erp,0,combined,0,1,1,1,0.2,30.4488137045933,0.267462342977524,140227.296875,29.681060059715,0.929163813591003,0.268765151500702,140910.34375,0.0175895690917969,9222,0.00792312622070313,4154,0.00908279418945313,4762,0,0,0.286354720592499,150132.34375,5000,1000
othim15,erp,0,combined,0,1,1,1,0.2,30.9992780441856,0.272680789232254,142963.265625,29.2251107241449,0.923502087593079,0.273170292377472,143219.90625,0.0175285339355469,9190,0.00914955139160156,4797,0.00770378112792969,4039,0,0,0.290698826313019,152409.90625,5000,1000
othim16,erp,0,combined,0,1,1,1,0.2,31.8890899923465,0.236388742923737,123935.78125,29.6712408606181,0.938823878765106,0.237685650587082,124615.734375,0.0162467956542969,8518,0.00806427001953125,4228,0.00747489929199219,3919,0,0,0.253932446241379,133133.734375,5000,1000
othim17,erp,0,combined,0,1,1,1,0.2,31.9635164562209,0.236558184027672,124024.6171875,30.5635693785659,0.939491868019104,0.237433910369873,124483.75,0.0162887573242188,8540,0.00811004638671875,4252,0.00760650634765625,3988,0,0,0.253722667694092,133023.75,5000,1000
othim18,erp,0,combined,0,1,1,1,0.2,31.9658013883412,0.233466312289238,122403.5859375,30.6066306278679,0.93384450674057,0.234117612242699,122745.0546875,0.0184249877929688,9660,0.00910758972167969,4775,0.00886344909667969,4647,0,0,0.252542600035667,132405.0546875,5000,1000
othim19,erp,0,combined,0,1,1,1,0.2,28.5677975640378,0.478805541992188,251032,28.3139545183491,0.91412091255188,0.479524254798889,251408.8125,0.0172004699707031,9018,0.00789451599121094,4139,0.00874519348144531,4585,0,0,0.496724724769592,260426.8125,5000,1000
othim20,erp,0,combined,0,1,1,1,0.2,28.5084180174006,0.489509105682373,256643.75,27.8723339667178,0.914161562919617,0.490865409374237,257354.84375,0.0175762176513672,9215,0.00801467895507813,4202,0.00887107849121094,4651,0,0,0.508441627025604,266569.84375,5000,1000
othim21,erp,0,combined,0,1,1,1,0.2,28.4472772950928,0.486962467432022,255308.578125,28.1367123919793,0.913610696792603,0.487962514162064,255832.890625,0.0174560546875,9152,0.00785255432128906,4117,0.00916862487792969,4807,0,0,0.505418568849564,264984.890625,5000,1000
othim22,erp,0,combined,0,1,1,1,0.2,30.1059951017599,0.242873400449753,127335.609375,28.4537102401123,0.922693490982056,0.244724243879318,128305.984375,0.0163326263427734,8563,0.00797843933105469,4183,0.0077667236328125,4072,0,0,0.261056870222092,136868.984375,5000,1000
othim23,erp,0,combined,0,1,1,1,0.2,30.0113932527611,0.303482294082642,159112.125,29.8378428450806,0.932045459747315,0.303728580474854,159241.25,0.0199565887451172,10463,0.00901603698730469,4727,0.0102195739746094,5358,0,0,0.323685169219971,169704.25,5000,1000
othim24,erp,0,combined,0,1,1,1,0.2,29.1756485180911,0.353989243507385,185592.3125,28.6245005136154,0.920613169670105,0.354585528373718,185904.9375,0.0185279846191406,9714,0.00797843933105469,4183,0.00996208190917969,5223,0,0,0.373113512992859,195618.9375,5000,1000
othim25,erp,0,combined,0,1,1,1,0.2,26.6567719443605,0.441107869148254,231267.5625,26.2677204471167,0.895692527294159,0.441501617431641,231474,0.0184917449951172,9695,0.00897407531738281,4705,0.00894927978515625,4692,0,0,0.459993362426758,241169,5000,1000
othim26,erp,0,combined,0,1,1,1,0.2,26.547194623843,0.433592915534973,227327.5625,26.3927620431402,0.89530748128891,0.433835804462433,227454.90625,0.019439697265625,10192,0.00880241394042969,4615,0.0101852416992188,5340,0,0,0.453275501728058,237646.90625,5000,1000
othim27,erp,0,combined,0,1,1,1,0.2,27.8775320018203,0.425269186496735,222963.53125,27.4642927733082,0.894624412059784,0.42591392993927,223301.5625,0.017974853515625,9424,0.00813484191894531,4265,0.00913047790527344,4787,0,0,0.443888783454895,232725.5625,5000,1000
othim28,erp,0,combined,0,1,1,1,0.2,29.0154005122346,0.4373699426651,229307.8125,28.058002305904,0.91923063993454,0.437556594610214,229405.671875,0.019134521484375,10032,0.009124755859375,4784,0.00931549072265625,4884,0,0,0.456691116094589,239437.671875,5000,1000
othim29,erp,0,combined,0,1,1,1,0.2,29.2664722565006,0.426817387342453,223775.234375,28.6420403495681,0.915611267089844,0.4275141954422,224140.5625,0.0172863006591797,9063,0.00811004638671875,4252,0.00872039794921875,4572,0,0,0.444800496101379,233203.5625,5000,1000
othim30,erp,0,combined,0,1,1,1,0.2,28.672127504507,0.434431940317154,227767.453125,28.0917633166851,0.917862057685852,0.435399949550629,228274.96875,0.0183200836181641,9605,0.00888633728027344,4659,0.00898933410644531,4713,0,0,0.453720033168793,237879.96875,5000,1000
