image_name,mask_type,wsmse_tag,swhdc_tag,lambda_rate,train_psnr,train_rate_bpp,train_rate_bits,eval_psnr,eval_y_rate_bpp,eval_y_rate_bits,eval_mlp_rate_bpp,eval_mlp_rate_bits,eval_arm_rate_bpp,eval_arm_rate_bits,eval_conv_rate_bpp,eval_conv_rate_bits,eval_border_rate_bpp,eval_border_rate_bits,eval_total_rate_bpp,eval_total_rate_bits,total_steps_1,total_steps_2
othim01,full,0,0,0.01,27.73700783211,0.10110627114772797,13252.201171875,27.700929819083985,0.10270588099956512,13461.865234375,0.07550048828125,9896.0,0.03369903564453125,4417.0,0.03868865966796875,5071.0,0.0,0,0.17820636928081512,23357.865234375,100000,10000
othim01,full,0,0,0.00802,28.24097462608595,0.12322479486465454,16151.3203125,28.209710318941404,0.12709711492061615,16658.873046875,0.07562255859375,9912.0,0.0341644287109375,4478.0,0.03847503662109375,5043.0,0.0,0,0.20271967351436615,26570.873046875,100000,10000
othim01,full,0,0,0.00604,28.861780039412757,0.14914891123771667,19549.24609375,28.81342693598626,0.15153521299362183,19862.0234375,0.0755767822265625,9906.0,0.033233642578125,4356.0,0.03876495361328125,5081.0,0.0,0,0.22711199522018433,29768.0234375,100000,10000
othim01,full,0,0,0.00406,29.524309983677,0.19294823706150055,25290.111328125,29.469039772216266,0.1980952024459839,25964.734375,0.0755615234375,9904.0,0.03343963623046875,4383.0,0.0386810302734375,5070.0,0.0,0,0.2736567258834839,35868.734375,100000,10000
othim01,full,0,0,0.00208,31.500786346944558,0.33538007736206055,43958.9375,31.428961238454033,0.3381967544555664,44328.125,0.0782318115234375,10254.0,0.03731536865234375,4891.0,0.0374755859375,4912.0,0.0,0,0.4164285659790039,54582.125,100000,10000
othim01,full,0,0,0.0001,40.113383766725434,1.588287591934204,208180.03125,40.08822468378347,1.5932811498641968,208834.546875,0.08506011962890625,11149.0,0.03553009033203125,4657.0,0.04497528076171875,5895.0,0.0,0,1.678341269493103,219983.546875,100000,10000
othim01,full,1,0,0.01,27.390492554279593,0.11320310831069946,14837.7578125,27.327400626185245,0.11431039869785309,14982.892578125,0.0785064697265625,10290.0,0.03766632080078125,4937.0,0.03816986083984375,5003.0,0.0,0,0.1928168684244156,25272.892578125,100000,10000
othim01,full,1,0,0.00802,27.82342508526579,0.13357771933078766,17508.298828125,27.746690844127198,0.13807468116283417,18097.724609375,0.0703125,9216.0,0.032379150390625,4244.0,0.03488922119140625,4573.0,0.0,0,0.20838718116283417,27313.724609375,100000,10000
othim01,full,1,0,0.00604,28.360103306826808,0.16859489679336548,22098.0703125,28.239600065462707,0.1724473088979721,22603.013671875,0.071563720703125,9380.0,0.03340911865234375,4379.0,0.03458404541015625,4533.0,0.0,0,0.2440110296010971,31983.013671875,100000,10000
othim01,full,1,0,0.00406,29.584435843814028,0.2449612021446228,32107.5546875,29.54214333679041,0.24783965945243835,32484.83984375,0.07462310791015625,9781.0,0.03372955322265625,4421.0,0.03739166259765625,4901.0,0.0,0,0.3224627673625946,42265.83984375,100000,10000
othim01,full,1,0,0.00208,31.47881588533013,0.38460099697113037,50410.421875,31.45426379767839,0.38866835832595825,50943.5390625,0.078765869140625,10324.0,0.0332489013671875,4358.0,0.0420989990234375,5518.0,0.0,0,0.46743422746658325,61267.5390625,100000,10000
othim01,full,1,0,0.0001,39.953782041248665,1.6608904600143433,217696.234375,39.94326612122294,1.661876916885376,217825.53125,0.09255218505859375,12131.0,0.0394744873046875,5174.0,0.04962158203125,6504.0,0.0,0,1.7544291019439697,229956.53125,100000,10000
othim01,erp,0,0,0.01,27.849552199806137,0.10095210373401642,13231.994140625,27.81438324200712,0.10379169881343842,13604.185546875,0.0773162841796875,10134.0,0.0335540771484375,4398.0,0.04071044921875,5336.0,0.0,0,0.18110798299312592,23738.185546875,100000,10000
othim01,erp,0,0,0.00802,28.29583944406088,0.12283352762460709,16100.0361328125,28.200978211996294,0.1245659664273262,16327.1103515625,0.071044921875,9312.0,0.03369903564453125,4417.0,0.0337371826171875,4422.0,0.0,0,0.1956108883023262,25639.1103515625,100000,10000
othim01,erp,0,0,0.00604,28.780573891435104,0.14513516426086426,19023.15625,28.74512965753899,0.14747264981269836,19329.53515625,0.0760345458984375,9966.0,0.03289031982421875,4311.0,0.0400848388671875,5254.0,0.0,0,0.22350719571113586,29295.53515625,100000,10000
othim01,erp,0,0,0.00406,29.761803611566936,0.21193140745162964,27778.2734375,29.719000372832344,0.21246011555194855,27847.572265625,0.08377838134765625,10981.0,0.0371856689453125,4874.0,0.043487548828125,5700.0,0.0,0,0.2962384968996048,38828.572265625,100000,10000
othim01,erp,0,0,0.00208,31.57701085312749,0.3419647812843323,44822.0078125,31.484464157939726,0.34411123394966125,45103.34765625,0.07605743408203125,9969.0,0.034088134765625,4468.0,0.038543701171875,5052.0,0.0,0,0.4201686680316925,55072.34765625,100000,10000
othim01,erp,0,0,0.0001,40.14362507108682,1.6423416137695312,215265.0,40.12653818983801,1.6486417055130005,216090.765625,0.0865478515625,11344.0,0.0351715087890625,4610.0,0.04698944091796875,6159.0,0.0,0,1.7351895570755005,227434.765625,100000,10000
othim01,erp,1,0,0.01,27.431815090255334,0.11294117569923401,14803.42578125,27.352092884557454,0.11909551173448563,15610.0869140625,0.06818389892578125,8937.0,0.02872467041015625,3765.0,0.0364227294921875,4774.0,0.0,0,0.18727941066026688,24547.0869140625,100000,10000
othim01,erp,1,0,0.00802,27.871939248428458,0.13513363897800446,17712.236328125,27.76396112684845,0.13658353686332703,17902.27734375,0.07732391357421875,10135.0,0.03725433349609375,4883.0,0.03664398193359375,4803.0,0.0,0,0.21390745043754578,28037.27734375,100000,10000
othim01,erp,1,0,0.00604,28.36735081477726,0.1604573130607605,21031.4609375,28.30746223894377,0.16417935490608215,21519.31640625,0.07503509521484375,9835.0,0.033294677734375,4364.0,0.039093017578125,5124.0,0.0,0,0.2392144501209259,31354.31640625,100000,10000
othim01,erp,1,0,0.00406,29.626766122029693,0.23983703553676605,31435.919921875,29.55960844293734,0.241591215133667,31665.84375,0.07656097412109375,10035.0,0.03395843505859375,4451.0,0.0395965576171875,5190.0,0.0,0,0.31815218925476074,41700.84375,100000,10000
othim01,erp,1,0,0.00208,31.516989434457532,0.3783726394176483,49594.05859375,31.43124589949393,0.3833354115486145,50244.5390625,0.07627105712890625,9997.0,0.0330810546875,4336.0,0.03923797607421875,5143.0,0.0,0,0.45960646867752075,60241.5390625,100000,10000
othim01,erp,1,0,0.0001,39.90833590486055,1.680990219116211,220330.75,39.8820351477505,1.6861169338226318,221002.71875,0.08709716796875,11416.0,0.03577423095703125,4689.0,0.0469512939453125,6154.0,0.0,0,1.7732141017913818,232418.71875,100000,10000
