image_name,mask_type,wsmse_tag,swhdc_tag,erp_upsampling_tag,erp_phi_ref,lambda_rate,train_psnr,train_rate_bpp,train_rate_bits,eval_psnr,eval_y_rate_bpp,eval_y_rate_bits,eval_mlp_rate_bpp,eval_mlp_rate_bits,eval_arm_rate_bpp,eval_arm_rate_bits,eval_conv_rate_bpp,eval_conv_rate_bits,eval_border_rate_bpp,eval_border_rate_bits,eval_total_rate_bpp,eval_total_rate_bits,total_steps_1,total_steps_2
othim01,full,0,0,0,30.0,0.00406,28.669144852412334,0.17680320143699646,92695.796875,28.653091501917455,0.17723554372787476,92922.46875,0.017663955688476562,9261.0,0.0076618194580078125,4017.0,0.009166717529296875,4806.0,0.0,0,0.19489949941635132,102183.46875,1000,1000
othim04,full,0,0,0,30.0,0.00406,27.110614586903207,0.44407808780670166,232824.8125,27.105775714582535,0.4452762305736542,233452.984375,0.017793655395507812,9329.0,0.007732391357421875,4054.0,0.0092010498046875,4824.0,0.0,0,0.463069885969162,242781.984375,1000,1000
othim07,full,0,0,0,30.0,0.00406,30.239182288003416,0.14551664888858795,76292.6328125,30.20884805340464,0.1466398537158966,76881.515625,0.0167388916015625,8776.0,0.0075397491455078125,3953.0,0.00812530517578125,4260.0,0.0,0,0.1633787453174591,85657.515625,1000,1000
othim10,full,0,0,0,30.0,0.00406,29.317702064300864,0.14757803082466125,77373.390625,29.28836402316212,0.14817142486572266,77684.5,0.016147613525390625,8466.0,0.00757598876953125,3972.0,0.0077152252197265625,4045.0,0.0,0,0.16431903839111328,86150.5,1000,1000
othim13,full,0,0,0,30.0,0.00406,29.97104999769194,0.13772517442703247,72207.65625,29.949514681314913,0.1383882462978363,72555.296875,0.016305923461914062,8549.0,0.0076236724853515625,3997.0,0.0078277587890625,4104.0,0.0,0,0.15469416975975037,81104.296875,1000,1000
othim01,full,0,0,0,30.0,0.00208,31.206718914416555,0.3240654766559601,169903.640625,31.198781791865404,0.3248229920864105,170300.796875,0.018327713012695312,9609.0,0.007587432861328125,3978.0,0.009769439697265625,5122.0,0.0,0,0.34315070509910583,179909.796875,1000,1000
othim04,full,0,0,0,30.0,0.00208,29.46536765296622,0.7467812299728394,391528.4375,29.462573496723014,0.7473170757293701,391809.375,0.019479751586914062,10213.0,0.008707046508789062,4565.0,0.009698867797851562,5085.0,0.0,0,0.7667968273162842,402022.375,1000,1000
othim07,full,0,0,0,30.0,0.00208,32.51467830451427,0.26031285524368286,136478.90625,32.500234190007774,0.2606215476989746,136640.75,0.019411087036132812,10177.0,0.008602142333984375,4510.0,0.009731292724609375,5102.0,0.0,0,0.2800326347351074,146817.75,1000,1000
othim10,full,0,0,0,30.0,0.00208,30.834551878009183,0.2696656882762909,141382.484375,30.814544097700036,0.27060508728027344,141875.0,0.017488479614257812,9169.0,0.007617950439453125,3994.0,0.009014129638671875,4726.0,0.0,0,0.28809356689453125,151044.0,1000,1000
othim13,full,0,0,0,30.0,0.00208,32.48168149875787,0.256669819355011,134568.90625,32.463992844432745,0.2571451663970947,134818.125,0.018283843994140625,9586.0,0.008756637573242188,4591.0,0.008556365966796875,4486.0,0.0,0,0.27542901039123535,144404.125,1000,1000
othim01,full,0,0,0,30.0,0.0001,39.02613512607541,1.429331660270691,749381.4375,39.02365021997348,1.4303061962127686,749892.375,0.021574020385742188,11311.0,0.008449554443359375,4430.0,0.012220382690429688,6407.0,0.0,0,1.4518802165985107,761203.375,1000,1000
othim04,full,0,0,0,30.0,0.0001,37.535055841010774,2.565922975540161,1345282.625,37.532001299716434,2.566380023956299,1345522.25,0.022563934326171875,11830.0,0.009412765502929688,4935.0,0.011987686157226562,6285.0,0.0,0,2.5889439582824707,1357352.25,1000,1000
othim07,full,0,0,0,30.0,0.0001,39.55669893595557,1.0526764392852783,551905.625,39.55204287036513,1.0530565977096558,552104.9375,0.022434234619140625,11762.0,0.009429931640625,4944.0,0.011959075927734375,6270.0,0.0,0,1.0754908323287964,563866.9375,1000,1000
othim10,full,0,0,0,30.0,0.0001,39.45460717022561,1.4766724109649658,774201.625,39.45184487453116,1.4773242473602295,774543.375,0.022327423095703125,11706.0,0.00960540771484375,5036.0,0.011556625366210938,6059.0,0.0,0,1.4996516704559326,786249.375,1000,1000
othim13,full,0,0,0,30.0,0.0001,40.25206781081821,1.1303696632385254,592639.25,40.24906237320227,1.1313936710357666,593176.125,0.020315170288085938,10651.0,0.008451461791992188,4431.0,0.010824203491210938,5675.0,0.0,0,1.1517088413238525,603827.125,1000,1000
othim01,full,1,0,0,30.0,0.00406,29.80217276723887,0.2238871455192566,117381.34375,29.778528551034725,0.22463232278823853,117772.03125,0.01848602294921875,9692.0,0.007671356201171875,4022.0,0.010107040405273438,5299.0,0.0,0,0.24311834573745728,127464.03125,1000,1000
othim04,full,1,0,0,30.0,0.00406,27.666306569777248,0.4796288311481476,251463.640625,27.664481487814445,0.48077845573425293,252066.375,0.018642425537109375,9774.0,0.0076122283935546875,3991.0,0.009950637817382812,5217.0,0.0,0,0.4994208812713623,261840.375,1000,1000
othim07,full,1,0,0,30.0,0.00406,31.411833895494425,0.20352646708488464,106706.484375,31.372995805348506,0.20388975739479065,106896.953125,0.018266677856445312,9577.0,0.008640289306640625,4530.0,0.008668899536132812,4545.0,0.0,0,0.22215643525123596,116473.953125,1000,1000
othim10,full,1,0,0,30.0,0.00406,29.875232749775346,0.17861558496952057,93646.0078125,29.857613803292747,0.17989100515842438,94314.6953125,0.018156051635742188,9519.0,0.0075836181640625,3976.0,0.009588241577148438,5027.0,0.0,0,0.19804705679416656,103833.6953125,1000,1000
othim13,full,1,0,0,30.0,0.00406,31.383534027304776,0.18289153277873993,95887.8359375,31.37164293933385,0.1834542453289032,96182.859375,0.017459869384765625,9154.0,0.007724761962890625,4050.0,0.008768081665039062,4597.0,0.0,0,0.20091411471366882,105336.859375,1000,1000
othim01,full,1,0,0,30.0,0.00208,32.31993127530558,0.38029009103775024,199381.53125,32.28666851699443,0.3811380863189697,199826.125,0.017223358154296875,9030.0,0.007701873779296875,4038.0,0.00870513916015625,4564.0,0.0,0,0.3983614444732666,208856.125,1000,1000
othim04,full,1,0,0,30.0,0.00208,29.961800344221146,0.7812686562538147,409609.78125,29.94576529933161,0.7820878028869629,410039.25,0.01819610595703125,9540.0,0.0076694488525390625,4021.0,0.00968170166015625,5076.0,0.0,0,0.8002839088439941,419579.25,1000,1000
othim07,full,1,0,0,30.0,0.00208,33.18186684953206,0.32623428106307983,171040.71875,33.1743231468764,0.327328622341156,171614.46875,0.018133163452148438,9507.0,0.0075702667236328125,3969.0,0.009624481201171875,5046.0,0.0,0,0.34546178579330444,181121.46875,1000,1000
othim10,full,1,0,0,30.0,0.00208,31.946029550779972,0.3098086714744568,162428.96875,31.936745047385045,0.31022772192955017,162648.671875,0.019556045532226562,10253.0,0.008646011352539062,4533.0,0.009950637817382812,5217.0,0.0,0,0.32978376746177673,172901.671875,1000,1000
othim13,full,1,0,0,30.0,0.00208,33.32812024765993,0.3229074478149414,169296.5,33.31061824168751,0.3241325616836548,169938.8125,0.0181121826171875,9496.0,0.0076446533203125,4008.0,0.009792327880859375,5134.0,0.0,0,0.3422447443008423,179434.8125,1000,1000
othim01,full,1,0,0,30.0,0.0001,38.37646999341854,1.498619556427002,785708.25,38.370066433722,1.5001370906829834,786503.875,0.021514892578125,11280.0,0.0086517333984375,4536.0,0.011823654174804688,6199.0,0.0,0,1.5216519832611084,797783.875,1000,1000
othim04,full,1,0,0,30.0,0.0001,38.01589822677355,2.4350664615631104,1276676.125,38.01421247419568,2.4352378845214844,1276766.0,0.02204132080078125,11556.0,0.009424209594726562,4941.0,0.011575698852539062,6069.0,0.0,0,2.4572792053222656,1288322.0,1000,1000
othim07,full,1,0,0,30.0,0.0001,39.762174848108806,1.0692840814590454,560612.8125,39.76154876964913,1.0696368217468262,560797.75,0.023456573486328125,12298.0,0.009304046630859375,4878.0,0.013109207153320312,6873.0,0.0,0,1.0930933952331543,573095.75,1000,1000
othim10,full,1,0,0,30.0,0.0001,39.69191535078251,1.4323458671569824,750961.75,39.68677562942464,1.4347648620605469,752230.0,0.020181655883789062,10581.0,0.008325576782226562,4365.0,0.010797500610351562,5661.0,0.0,0,1.454946517944336,762811.0,1000,1000
othim13,full,1,0,0,30.0,0.0001,40.78296122905906,1.1433498859405518,599444.625,40.78143841322509,1.1435803174972534,599565.4375,0.022348403930664062,11717.0,0.009523391723632812,4993.0,0.011936187744140625,6258.0,0.0,0,1.1659287214279175,611282.4375,1000,1000
othim01,erp,0,0,0,30.0,0.00406,28.716700407759898,0.17788182199001312,93261.3046875,28.709222998659925,0.17822232842445374,93439.828125,0.018024444580078125,9450.0,0.00775146484375,4064.0,0.0093231201171875,4888.0,0.0,0,0.19624677300453186,102889.828125,1000,1000
othim04,erp,0,0,0,30.0,0.00406,27.074633677513976,0.45110565423965454,236509.28125,27.071396516073055,0.45213788747787476,237050.46875,0.01920318603515625,10068.0,0.0076885223388671875,4031.0,0.010667800903320312,5593.0,0.0,0,0.471341073513031,247118.46875,1000,1000
othim07,erp,0,0,0,30.0,0.00406,30.2241873677922,0.16638916730880737,87235.84375,30.215848898085174,0.1667269617319107,87412.9453125,0.018846511840820312,9881.0,0.008756637573242188,4591.0,0.009250640869140625,4850.0,0.0,0,0.18557347357273102,97293.9453125,1000,1000
othim10,erp,0,0,0,30.0,0.00406,29.39038207427349,0.15923120081424713,83483.0078125,29.386765890672052,0.15940582752227783,83574.5625,0.020029067993164062,10501.0,0.008602142333984375,4510.0,0.010456085205078125,5482.0,0.0,0,0.1794348955154419,94075.5625,1000,1000
othim13,erp,0,0,0,30.0,0.00406,30.133681379188364,0.14581602811813354,76449.59375,30.121224337420855,0.14634740352630615,76728.1875,0.017650604248046875,9254.0,0.007663726806640625,4018.0,0.009252548217773438,4851.0,0.0,0,0.16399800777435303,85982.1875,1000,1000
othim01,erp,0,0,0,30.0,0.00208,31.508502330655904,0.3357660174369812,176038.09375,31.49071269202017,0.3362404704093933,176286.84375,0.018232345581054688,9559.0,0.0076351165771484375,4003.0,0.009870529174804688,5175.0,0.0,0,0.354472815990448,185845.84375,1000,1000
othim04,erp,0,0,0,30.0,0.00208,29.422913384961703,0.747796893119812,392060.9375,29.417734113301034,0.7489649057388306,392673.3125,0.018743515014648438,9827.0,0.0077037811279296875,4039.0,0.0100860595703125,5288.0,0.0,0,0.767708420753479,402500.3125,1000,1000
othim07,erp,0,0,0,30.0,0.00208,32.52871372888351,0.264772891998291,138817.25,32.523361575221344,0.26616621017456055,139547.75,0.018878936767578125,9898.0,0.0075397491455078125,3953.0,0.010499954223632812,5505.0,0.0,0,0.28504514694213867,149445.75,1000,1000
othim10,erp,0,0,0,30.0,0.00208,30.98739494175847,0.2524401843547821,132351.359375,30.975635425095263,0.2534915804862976,132902.59375,0.018136978149414062,9509.0,0.0076923370361328125,4033.0,0.009481430053710938,4971.0,0.0,0,0.27162855863571167,142411.59375,1000,1000
othim13,erp,0,0,0,30.0,0.00208,32.446814932162226,0.26346227526664734,138130.109375,32.42950668672287,0.26384708285331726,138331.859375,0.018888473510742188,9903.0,0.008726119995117188,4575.0,0.009206771850585938,4827.0,0.0,0,0.28273555636405945,148234.859375,1000,1000
othim01,erp,0,0,0,30.0,0.0001,38.36462221366309,1.518200159072876,795974.125,38.36254720779674,1.5187888145446777,796282.75,0.023052215576171875,12086.0,0.009552001953125,5008.0,0.0123291015625,6464.0,0.0,0,1.5418410301208496,808368.75,1000,1000
othim04,erp,0,0,0,30.0,0.0001,37.51620702888303,2.5721564292907715,1348550.75,37.51148925277601,2.573587656021118,1349301.125,0.02054595947265625,10772.0,0.00836944580078125,4388.0,0.01113128662109375,5836.0,0.0,0,2.5941336154937744,1360073.125,1000,1000
